CostCentre,DocumentNumber,DocumentDate,T Day,T Month,T Year,IssueFromFKInvoiceNumber,Amount
Adidas - Madison Square,1,08/03/2026 20:35,8,3,2026,178,239
Adidas - Madison Square,2,17/03/2026 21:43,17,3,2026,224,559
Adidas Jinnah Icon Mall,1,31/05/2026 19:46,31,5,2026,376,3744
Adidas-Lucky One Mall,1,07/07/2025 15:27,7,7,2025,59,524
Adidas-Lucky One Mall,2,18/07/2025 20:40,18,7,2025,213,4919
Adidas-Lucky One Mall,3,01/08/2025 17:36,1,8,2025,346,499
Adidas-Lucky One Mall,4,21/08/2025 16:10,21,8,2025,593,699
Adidas-Lucky One Mall,5,29/11/2025 16:31,29,11,2025,1359,769
Adidas-Lucky One Mall,6,20/03/2026 16:11,20,3,2026,2886,449
Adidas-Lucky One Mall,7,23/05/2026 17:31,23,5,2026,3359,24
Charles & Keith-Centaurus Mall,1,02/07/2025 16:07,2,7,2025,26,399
Charles & Keith-Centaurus Mall,2,08/07/2025 19:06,8,7,2025,161,2599
Charles & Keith-Centaurus Mall,3,14/07/2025 14:36,14,7,2025,360,999
Charles & Keith-Centaurus Mall,4,16/07/2025 18:22,16,7,2025,425,2199
Charles & Keith-Centaurus Mall,5,17/07/2025 16:13,17,7,2025,445,301
Charles & Keith-Centaurus Mall,6,23/07/2025 22:10,23,7,2025,663,499
Charles & Keith-Centaurus Mall,7,05/08/2025 18:19,5,8,2025,1105,1499
Charles & Keith-Centaurus Mall,8,09/08/2025 17:12,9,8,2025,1271,2999
Charles & Keith-Centaurus Mall,9,09/08/2025 21:12,9,8,2025,1297,374
Charles & Keith-Centaurus Mall,10,10/08/2025 13:44,10,8,2025,1319,3798
Charles & Keith-Centaurus Mall,11,10/08/2025 18:59,10,8,2025,1336,1874
Charles & Keith-Centaurus Mall,12,12/08/2025 14:08,12,8,2025,1390,2999
Charles & Keith-Centaurus Mall,13,13/08/2025 16:25,13,8,2025,1455,499
Charles & Keith-Centaurus Mall,14,13/08/2025 18:56,13,8,2025,1473,499
Charles & Keith-Centaurus Mall,15,16/08/2025 17:38,16,8,2025,1575,4999
Charles & Keith-Centaurus Mall,16,17/08/2025 13:29,17,8,2025,1616,999
Charles & Keith-Centaurus Mall,17,17/08/2025 17:28,17,8,2025,1629,1499
Charles & Keith-Centaurus Mall,18,24/08/2025 18:37,24,8,2025,1875,6498
Charles & Keith-Centaurus Mall,19,25/08/2025 14:25,25,8,2025,1897,999
Charles & Keith-Centaurus Mall,20,27/08/2025 20:35,27,8,2025,1972,999
Charles & Keith-Centaurus Mall,21,01/09/2025 16:16,1,9,2025,2125,1274
Charles & Keith-Centaurus Mall,22,01/09/2025 18:35,1,9,2025,2130,1049
Charles & Keith-Centaurus Mall,23,08/09/2025 18:05,8,9,2025,2322,15099
Charles & Keith-Centaurus Mall,24,11/09/2025 18:58,11,9,2025,2423,1949
Charles & Keith-Centaurus Mall,25,17/09/2025 18:45,17,9,2025,2657,4999
Charles & Keith-Centaurus Mall,26,21/09/2025 21:44,21,9,2025,2836,30499
Charles & Keith-Centaurus Mall,27,24/09/2025 14:58,24,9,2025,2903,849
Charles & Keith-Centaurus Mall,28,26/09/2025 21:05,26,9,2025,2991,999
Charles & Keith-Centaurus Mall,29,28/09/2025 13:40,28,9,2025,3050,1099
Charles & Keith-Centaurus Mall,30,29/09/2025 14:37,29,9,2025,3087,998
Charles & Keith-Centaurus Mall,31,01/10/2025 13:08,1,10,2025,3130,1499
Charles & Keith-Centaurus Mall,32,01/10/2025 16:55,1,10,2025,3138,499
Charles & Keith-Centaurus Mall,33,02/10/2025 14:21,2,10,2025,3160,1999
Charles & Keith-Centaurus Mall,34,07/10/2025 19:15,7,10,2025,3351,2999
Charles & Keith-Centaurus Mall,35,08/10/2025 17:15,8,10,2025,3372,499
Charles & Keith-Centaurus Mall,36,12/10/2025 13:09,12,10,2025,3469,699
Charles & Keith-Centaurus Mall,37,15/10/2025 22:10,15,10,2025,3644,499
Charles & Keith-Centaurus Mall,38,20/10/2025 15:01,20,10,2025,3801,998
Charles & Keith-Centaurus Mall,39,22/10/2025 13:07,22,10,2025,3847,2249
Charles & Keith-Centaurus Mall,40,23/10/2025 17:41,23,10,2025,3879,749
Charles & Keith-Centaurus Mall,41,26/10/2025 17:18,26,10,2025,3974,3525
Charles & Keith-Centaurus Mall,42,27/10/2025 19:00,27,10,2025,4017,2249
Charles & Keith-Centaurus Mall,43,01/11/2025 20:30,1,11,2025,4179,6989
Charles & Keith-Centaurus Mall,44,01/11/2025 20:49,1,11,2025,4181,499
Charles & Keith-Centaurus Mall,45,09/11/2025 16:14,9,11,2025,4459,1724
Charles & Keith-Centaurus Mall,46,11/11/2025 17:27,11,11,2025,4544,849
Charles & Keith-Centaurus Mall,47,11/11/2025 23:10,11,11,2025,4562,2124
Charles & Keith-Centaurus Mall,48,14/11/2025 14:43,14,11,2025,4604,61999
Charles & Keith-Centaurus Mall,49,14/11/2025 15:00,14,11,2025,4606,34498
Charles & Keith-Centaurus Mall,50,14/11/2025 16:50,14,11,2025,4609,11497
Charles & Keith-Centaurus Mall,51,29/11/2025 13:37,29,11,2025,4970,6674
Charles & Keith-Centaurus Mall,52,30/11/2025 18:16,30,11,2025,5012,1499
Charles & Keith-Centaurus Mall,53,30/11/2025 19:20,30,11,2025,5017,2824
Charles & Keith-Centaurus Mall,54,06/12/2025 23:16,6,12,2025,5209,88
Charles & Keith-Centaurus Mall,55,07/12/2025 14:39,7,12,2025,5225,999
Charles & Keith-Centaurus Mall,56,07/12/2025 16:57,7,12,2025,5244,1449
Charles & Keith-Centaurus Mall,57,11/12/2025 21:33,11,12,2025,5462,4900
Charles & Keith-Centaurus Mall,58,12/12/2025 20:47,12,12,2025,5494,1000
Charles & Keith-Centaurus Mall,59,13/12/2025 18:19,13,12,2025,5536,399
Charles & Keith-Centaurus Mall,60,16/12/2025 18:10,16,12,2025,5662,374
Charles & Keith-Centaurus Mall,61,17/12/2025 12:56,17,12,2025,5683,1449
Charles & Keith-Centaurus Mall,62,19/12/2025 23:07,19,12,2025,5797,899
Charles & Keith-Centaurus Mall,63,21/12/2025 22:42,21,12,2025,5882,299
Charles & Keith-Centaurus Mall,64,22/12/2025 12:03,22,12,2025,5887,1399
Charles & Keith-Centaurus Mall,65,24/12/2025 18:00,24,12,2025,6000,249
Charles & Keith-Centaurus Mall,66,27/12/2025 15:01,27,12,2025,6098,999
Charles & Keith-Centaurus Mall,67,27/12/2025 18:14,27,12,2025,6108,1449
Charles & Keith-Centaurus Mall,68,30/12/2025 18:30,30,12,2025,6247,199
Charles & Keith-Centaurus Mall,69,02/01/2026 23:00,2,1,2026,6382,999
Charles & Keith-Centaurus Mall,70,04/01/2026 0:11,4,1,2026,6411,15449
Charles & Keith-Centaurus Mall,71,08/01/2026 17:58,8,1,2026,6565,2999
Charles & Keith-Centaurus Mall,72,09/01/2026 17:59,9,1,2026,6600,3399
Charles & Keith-Centaurus Mall,73,16/01/2026 21:06,16,1,2026,6807,999
Charles & Keith-Centaurus Mall,74,21/01/2026 12:42,21,1,2026,6958,11299
Charles & Keith-Centaurus Mall,75,01/02/2026 19:37,1,2,2026,7308,2999
Charles & Keith-Centaurus Mall,76,04/02/2026 18:02,4,2,2026,7372,9099
Charles & Keith-Centaurus Mall,77,12/02/2026 17:48,12,2,2026,7557,999
Charles & Keith-Centaurus Mall,78,13/02/2026 21:43,13,2,2026,7607,1999
Charles & Keith-Centaurus Mall,79,16/02/2026 17:05,16,2,2026,7678,2299
Charles & Keith-Centaurus Mall,80,18/02/2026 12:59,18,2,2026,7725,1199
Charles & Keith-Centaurus Mall,81,18/02/2026 13:50,18,2,2026,7728,1599
Charles & Keith-Centaurus Mall,82,21/02/2026 13:35,21,2,2026,7796,499
Charles & Keith-Centaurus Mall,83,24/02/2026 14:02,24,2,2026,7889,999
Charles & Keith-Centaurus Mall,84,26/02/2026 20:50,26,2,2026,7950,99
Charles & Keith-Centaurus Mall,85,06/03/2026 19:16,6,3,2026,8157,5949
Charles & Keith-Centaurus Mall,86,15/03/2026 16:51,15,3,2026,8565,1499
Charles & Keith-Centaurus Mall,87,16/03/2026 22:52,16,3,2026,8633,5899
Charles & Keith-Centaurus Mall,88,19/03/2026 17:41,19,3,2026,8818,524
Charles & Keith-Centaurus Mall,89,19/03/2026 22:56,19,3,2026,8850,1499
Charles & Keith-Centaurus Mall,90,24/03/2026 11:47,24,3,2026,8937,999
Charles & Keith-Centaurus Mall,91,24/03/2026 18:16,24,3,2026,8954,1499
Charles & Keith-Centaurus Mall,92,28/03/2026 16:00,28,3,2026,9081,499
Charles & Keith-Centaurus Mall,93,03/04/2026 16:39,3,4,2026,9261,4249
Charles & Keith-Centaurus Mall,94,13/04/2026 15:05,13,4,2026,9521,2299
Charles & Keith-Centaurus Mall,95,17/04/2026 19:27,17,4,2026,9639,5999
Charles & Keith-Centaurus Mall,96,03/05/2026 19:27,3,5,2026,9966,2999
Charles & Keith-Centaurus Mall,97,15/05/2026 14:52,15,5,2026,10255,4899
Charles & Keith-Centaurus Mall,98,23/05/2026 20:51,23,5,2026,10547,299
Charles & Keith-Centaurus Mall,99,30/05/2026 14:51,30,5,2026,10755,398
Charles & Keith-Centaurus Mall,100,08/06/2026 14:40,8,6,2026,10955,999
Charles & Keith-Centaurus Mall,101,11/06/2026 19:35,11,6,2026,11037,2599
Charles & Keith-Centaurus Mall,102,13/06/2026 15:57,13,6,2026,11084,2624
Charles & Keith-Centaurus Mall,103,17/06/2026 16:25,17,6,2026,11162,1299
Charles & Keith-Centaurus Mall,104,17/06/2026 16:58,17,6,2026,11166,849
Charles & Keith-Centaurus Mall,105,18/06/2026 12:03,18,6,2026,11177,999
Charles & Keith-Dolmen Clifton,1,16/07/2025 15:29,16,7,2025,383,199
Charles & Keith-Dolmen Clifton,2,24/07/2025 14:42,24,7,2025,635,4999
Charles & Keith-Dolmen Clifton,3,24/07/2025 18:48,24,7,2025,649,5999
Charles & Keith-Dolmen Clifton,4,27/07/2025 16:41,27,7,2025,756,9349
Charles & Keith-Dolmen Clifton,5,30/07/2025 18:29,30,7,2025,853,3749
Charles & Keith-Dolmen Clifton,6,30/07/2025 22:44,30,7,2025,869,6000
Charles & Keith-Dolmen Clifton,7,17/08/2025 17:44,17,8,2025,1514,3749
Charles & Keith-Dolmen Clifton,8,22/08/2025 17:41,22,8,2025,1617,1000
Charles & Keith-Dolmen Clifton,9,22/08/2025 18:14,22,8,2025,1619,12599
Charles & Keith-Dolmen Clifton,10,24/08/2025 17:39,24,8,2025,1695,499
Charles & Keith-Dolmen Clifton,11,25/08/2025 18:05,25,8,2025,1732,5099
Charles & Keith-Dolmen Clifton,12,26/08/2025 13:41,26,8,2025,1748,499
Charles & Keith-Dolmen Clifton,13,27/08/2025 16:14,27,8,2025,1770,2999
Charles & Keith-Dolmen Clifton,14,28/08/2025 22:44,28,8,2025,1805,2248
Charles & Keith-Dolmen Clifton,15,09/09/2025 18:46,9,9,2025,2187,7999
Charles & Keith-Dolmen Clifton,16,13/09/2025 19:16,13,9,2025,2331,2499
Charles & Keith-Dolmen Clifton,17,13/09/2025 22:12,13,9,2025,2351,749
Charles & Keith-Dolmen Clifton,18,14/09/2025 18:54,14,9,2025,2387,999
Charles & Keith-Dolmen Clifton,19,16/09/2025 11:54,16,9,2025,2443,1499
Charles & Keith-Dolmen Clifton,20,19/09/2025 17:30,19,9,2025,2531,849
Charles & Keith-Dolmen Clifton,21,22/09/2025 16:22,22,9,2025,2649,2249
Charles & Keith-Dolmen Clifton,22,29/09/2025 11:52,29,9,2025,2840,5249
Charles & Keith-Dolmen Clifton,23,29/09/2025 18:25,29,9,2025,2847,6999
Charles & Keith-Dolmen Clifton,24,02/10/2025 17:07,2,10,2025,2902,499
Charles & Keith-Dolmen Clifton,25,05/10/2025 11:38,5,10,2025,2989,5249
Charles & Keith-Dolmen Clifton,26,10/10/2025 16:32,10,10,2025,3131,2799
Charles & Keith-Dolmen Clifton,27,12/10/2025 18:30,12,10,2025,3380,8499
Charles & Keith-Dolmen Clifton,28,12/10/2025 20:25,12,10,2025,3404,10999
Charles & Keith-Dolmen Clifton,29,12/10/2025 21:09,12,10,2025,3417,9099
Charles & Keith-Dolmen Clifton,30,14/10/2025 19:52,14,10,2025,3472,3999
Charles & Keith-Dolmen Clifton,31,16/10/2025 17:16,16,10,2025,3505,2999
Charles & Keith-Dolmen Clifton,32,19/10/2025 19:16,19,10,2025,3616,750
Charles & Keith-Dolmen Clifton,33,28/10/2025 22:25,28,10,2025,3874,2999
Charles & Keith-Dolmen Clifton,34,31/10/2025 21:04,31,10,2025,3955,898
Charles & Keith-Dolmen Clifton,35,01/11/2025 13:46,1,11,2025,3968,499
Charles & Keith-Dolmen Clifton,36,06/11/2025 11:42,6,11,2025,4122,999
Charles & Keith-Dolmen Clifton,37,07/11/2025 20:27,7,11,2025,4169,8798
Charles & Keith-Dolmen Clifton,38,11/11/2025 16:37,11,11,2025,4324,3499
Charles & Keith-Dolmen Clifton,39,12/11/2025 20:15,12,11,2025,4365,2524
Charles & Keith-Dolmen Clifton,40,21/11/2025 17:14,21,11,2025,4602,499
Charles & Keith-Dolmen Clifton,41,26/11/2025 22:42,26,11,2025,4733,2249
Charles & Keith-Dolmen Clifton,42,30/11/2025 15:39,30,11,2025,4844,999
Charles & Keith-Dolmen Clifton,43,03/12/2025 18:55,3,12,2025,4967,5999
Charles & Keith-Dolmen Clifton,44,11/12/2025 15:16,11,12,2025,5335,1000
Charles & Keith-Dolmen Clifton,45,11/12/2025 17:14,11,12,2025,5348,949
Charles & Keith-Dolmen Clifton,46,13/12/2025 16:55,13,12,2025,5471,2799
Charles & Keith-Dolmen Clifton,47,15/12/2025 21:27,15,12,2025,5648,2249
Charles & Keith-Dolmen Clifton,48,17/12/2025 20:26,17,12,2025,5726,9200
Charles & Keith-Dolmen Clifton,49,19/12/2025 22:58,19,12,2025,5823,5549
Charles & Keith-Dolmen Clifton,50,21/12/2025 22:34,21,12,2025,5946,2038
Charles & Keith-Dolmen Clifton,51,21/12/2025 23:10,21,12,2025,5949,1499
Charles & Keith-Dolmen Clifton,52,23/12/2025 18:55,23,12,2025,6041,1799
Charles & Keith-Dolmen Clifton,53,24/12/2025 19:03,24,12,2025,6107,1874
Charles & Keith-Dolmen Clifton,54,24/12/2025 19:30,24,12,2025,6109,3249
Charles & Keith-Dolmen Clifton,55,27/12/2025 12:45,27,12,2025,6219,6223
Charles & Keith-Dolmen Clifton,56,30/12/2025 20:22,30,12,2025,6422,698
Charles & Keith-Dolmen Clifton,57,01/01/2026 15:56,1,1,2026,6464,2099
Charles & Keith-Dolmen Clifton,58,02/01/2026 18:07,2,1,2026,6515,4774
Charles & Keith-Dolmen Clifton,59,03/01/2026 21:14,3,1,2026,6581,1873
Charles & Keith-Dolmen Clifton,60,04/01/2026 15:47,4,1,2026,6606,1899
Charles & Keith-Dolmen Clifton,61,04/01/2026 21:57,4,1,2026,6640,799
Charles & Keith-Dolmen Clifton,62,13/01/2026 21:32,13,1,2026,6967,3999
Charles & Keith-Dolmen Clifton,63,14/01/2026 15:05,14,1,2026,6980,1000
Charles & Keith-Dolmen Clifton,64,14/01/2026 16:17,14,1,2026,6984,1472
Charles & Keith-Dolmen Clifton,65,15/01/2026 13:04,15,1,2026,7004,5499
Charles & Keith-Dolmen Clifton,66,19/01/2026 13:05,19,1,2026,7182,2249
Charles & Keith-Dolmen Clifton,67,22/01/2026 12:32,22,1,2026,7277,499
Charles & Keith-Dolmen Clifton,68,30/01/2026 17:14,30,1,2026,7513,399
Charles & Keith-Dolmen Clifton,69,01/02/2026 15:13,1,2,2026,7579,4874
Charles & Keith-Dolmen Clifton,70,06/02/2026 18:42,6,2,2026,7732,1249
Charles & Keith-Dolmen Clifton,71,07/02/2026 17:27,7,2,2026,7753,399
Charles & Keith-Dolmen Clifton,72,07/02/2026 17:53,7,2,2026,7757,6999
Charles & Keith-Dolmen Clifton,73,08/02/2026 19:42,8,2,2026,7802,1999
Charles & Keith-Dolmen Clifton,74,10/02/2026 19:16,10,2,2026,7864,8349
Charles & Keith-Dolmen Clifton,75,11/02/2026 21:39,11,2,2026,7915,499
Charles & Keith-Dolmen Clifton,76,14/02/2026 16:25,14,2,2026,8032,4249
Charles & Keith-Dolmen Clifton,77,17/02/2026 14:25,17,2,2026,8180,999
Charles & Keith-Dolmen Clifton,78,18/02/2026 21:12,18,2,2026,8222,1499
Charles & Keith-Dolmen Clifton,79,24/02/2026 16:30,24,2,2026,8328,1274
Charles & Keith-Dolmen Clifton,80,24/02/2026 22:42,24,2,2026,8342,2124
Charles & Keith-Dolmen Clifton,81,06/03/2026 22:34,6,3,2026,8637,2099
Charles & Keith-Dolmen Clifton,82,09/03/2026 22:15,9,3,2026,8893,699
Charles & Keith-Dolmen Clifton,83,09/03/2026 23:22,9,3,2026,8906,499
Charles & Keith-Dolmen Clifton,84,10/03/2026 23:31,10,3,2026,8934,2999
Charles & Keith-Dolmen Clifton,85,13/03/2026 22:40,13,3,2026,9067,1999
Charles & Keith-Dolmen Clifton,86,15/03/2026 22:02,15,3,2026,9246,15374
Charles & Keith-Dolmen Clifton,87,15/03/2026 22:03,15,3,2026,9247,373
Charles & Keith-Dolmen Clifton,88,15/03/2026 22:45,15,3,2026,9262,1999
Charles & Keith-Dolmen Clifton,89,16/03/2026 13:58,16,3,2026,9304,3749
Charles & Keith-Dolmen Clifton,90,17/03/2026 16:16,17,3,2026,9371,2549
Charles & Keith-Dolmen Clifton,91,18/03/2026 17:19,18,3,2026,9462,2199
Charles & Keith-Dolmen Clifton,92,20/03/2026 1:38,20,3,2026,9566,2999
Charles & Keith-Dolmen Clifton,93,20/03/2026 18:15,20,3,2026,9601,4124
Charles & Keith-Dolmen Clifton,94,26/03/2026 18:02,26,3,2026,9690,2399
Charles & Keith-Dolmen Clifton,95,30/03/2026 20:47,30,3,2026,9798,2999
Charles & Keith-Dolmen Clifton,96,08/04/2026 18:54,8,4,2026,9985,999
Charles & Keith-Dolmen Clifton,97,14/04/2026 16:37,14,4,2026,10107,5298
Charles & Keith-Dolmen Clifton,98,15/04/2026 17:15,15,4,2026,10127,7999
Charles & Keith-Dolmen Clifton,99,21/04/2026 15:06,21,4,2026,10231,2249
Charles & Keith-Dolmen Clifton,100,30/04/2026 12:51,30,4,2026,10386,1699
Charles & Keith-Dolmen Clifton,101,30/04/2026 17:14,30,4,2026,10391,749
Charles & Keith-Dolmen Clifton,102,30/04/2026 20:59,30,4,2026,10396,749
Charles & Keith-Dolmen Clifton,103,05/05/2026 12:45,5,5,2026,10473,8249
Charles & Keith-Dolmen Clifton,104,06/05/2026 19:45,6,5,2026,10505,749
Charles & Keith-Dolmen Clifton,105,11/05/2026 16:00,11,5,2026,10697,349
Charles & Keith-Dolmen Clifton,106,16/05/2026 17:00,16,5,2026,10799,4099
Charles & Keith-Dolmen Clifton,107,17/05/2026 20:03,17,5,2026,10859,2249
Charles & Keith-Dolmen Clifton,108,24/05/2026 13:06,24,5,2026,11142,999
Charles & Keith-Dolmen Clifton,109,03/06/2026 18:17,3,6,2026,11463,4898
Charles & Keith-Dolmen Clifton,110,05/06/2026 17:14,5,6,2026,11522,21398
Charles & Keith-Dolmen Clifton,111,08/06/2026 15:23,8,6,2026,11629,7499
Charles & Keith-Dolmen Clifton,112,09/06/2026 13:10,9,6,2026,11645,1499
Charles & Keith-Dolmen Clifton,113,10/06/2026 18:39,10,6,2026,11679,3799
Charles & Keith-Dolmen Clifton,114,13/06/2026 12:51,13,6,2026,11727,7149
Charles & Keith-Dolmen Clifton,115,14/06/2026 17:36,14,6,2026,11775,5449
Charles & Keith-Dolmen Clifton,116,16/06/2026 16:16,16,6,2026,11822,2098
Charles & Keith-Dolmen Clifton,117,20/06/2026 14:25,20,6,2026,11908,16200
Charles & Keith-Dolmen Clifton,118,20/06/2026 15:34,20,6,2026,11913,374
Charles & Keith-Dolmen Clifton,119,23/06/2026 14:45,23,6,2026,12004,6799
Charles & Keith-Dolmen Lahore,1,14/07/2025 15:55,14,7,2025,263,6249
Charles & Keith-Dolmen Lahore,2,23/07/2025 20:16,23,7,2025,417,9100
Charles & Keith-Dolmen Lahore,3,31/07/2025 18:57,31,7,2025,583,2298
Charles & Keith-Dolmen Lahore,4,03/08/2025 22:25,3,8,2025,670,3749
Charles & Keith-Dolmen Lahore,5,04/08/2025 20:56,4,8,2025,689,1399
Charles & Keith-Dolmen Lahore,6,21/08/2025 19:27,21,8,2025,1063,2249
Charles & Keith-Dolmen Lahore,7,31/08/2025 18:54,31,8,2025,1253,1999
Charles & Keith-Dolmen Lahore,8,07/09/2025 18:24,7,9,2025,1391,1000
Charles & Keith-Dolmen Lahore,9,14/09/2025 17:13,14,9,2025,1517,499
Charles & Keith-Dolmen Lahore,10,17/09/2025 20:05,17,9,2025,1598,1999
Charles & Keith-Dolmen Lahore,11,26/09/2025 15:46,26,9,2025,1795,749
Charles & Keith-Dolmen Lahore,12,28/09/2025 16:18,28,9,2025,1843,749
Charles & Keith-Dolmen Lahore,13,28/09/2025 18:00,28,9,2025,1847,499
Charles & Keith-Dolmen Lahore,14,29/09/2025 22:36,29,9,2025,1889,7999
Charles & Keith-Dolmen Lahore,15,01/10/2025 17:46,1,10,2025,1917,2703
Charles & Keith-Dolmen Lahore,16,04/10/2025 20:01,4,10,2025,1983,1399
Charles & Keith-Dolmen Lahore,17,10/10/2025 21:08,10,10,2025,2128,624
Charles & Keith-Dolmen Lahore,18,13/10/2025 17:58,13,10,2025,2244,2249
Charles & Keith-Dolmen Lahore,19,16/10/2025 17:40,16,10,2025,2304,2999
Charles & Keith-Dolmen Lahore,20,21/10/2025 13:39,21,10,2025,2411,499
Charles & Keith-Dolmen Lahore,21,26/10/2025 17:24,26,10,2025,2550,1999
Charles & Keith-Dolmen Lahore,22,27/10/2025 17:05,27,10,2025,2585,999
Charles & Keith-Dolmen Lahore,23,31/10/2025 15:49,31,10,2025,2673,1049
Charles & Keith-Dolmen Lahore,24,13/11/2025 19:55,13,11,2025,3032,6627
Charles & Keith-Dolmen Lahore,25,14/11/2025 20:50,14,11,2025,3056,699
Charles & Keith-Dolmen Lahore,26,17/11/2025 18:00,17,11,2025,3116,999
Charles & Keith-Dolmen Lahore,27,04/12/2025 21:14,4,12,2025,3456,374
Charles & Keith-Dolmen Lahore,28,07/12/2025 22:04,7,12,2025,3585,2349
Charles & Keith-Dolmen Lahore,29,15/12/2025 19:49,15,12,2025,3896,999
Charles & Keith-Dolmen Lahore,30,29/12/2025 17:41,29,12,2025,4445,5799
Charles & Keith-Dolmen Lahore,31,06/01/2026 12:31,6,1,2026,4703,499
Charles & Keith-Dolmen Lahore,32,15/01/2026 16:41,15,1,2026,4961,1499
Charles & Keith-Dolmen Lahore,33,27/01/2026 21:41,27,1,2026,5338,149
Charles & Keith-Dolmen Lahore,34,05/02/2026 16:42,5,2,2026,5569,699
Charles & Keith-Dolmen Lahore,35,10/02/2026 16:31,10,2,2026,5678,1300
Charles & Keith-Dolmen Lahore,36,17/02/2026 14:25,17,2,2026,5854,1199
Charles & Keith-Dolmen Lahore,37,27/02/2026 20:28,27,2,2026,6124,24
Charles & Keith-Dolmen Lahore,38,07/03/2026 21:07,7,3,2026,6455,194
Charles & Keith-Dolmen Lahore,39,07/03/2026 23:14,7,3,2026,6478,2499
Charles & Keith-Dolmen Lahore,40,09/03/2026 14:56,9,3,2026,6583,700
Charles & Keith-Dolmen Lahore,41,11/03/2026 12:14,11,3,2026,6643,499
Charles & Keith-Dolmen Lahore,42,12/03/2026 16:46,12,3,2026,6686,2999
Charles & Keith-Dolmen Lahore,43,14/03/2026 1:33,14,3,2026,6769,2374
Charles & Keith-Dolmen Lahore,44,14/03/2026 11:53,14,3,2026,6771,808
Charles & Keith-Dolmen Lahore,45,15/03/2026 22:19,15,3,2026,6858,1300
Charles & Keith-Dolmen Lahore,46,20/03/2026 20:11,20,3,2026,7147,499
Charles & Keith-Dolmen Lahore,47,20/03/2026 23:56,20,3,2026,7181,499
Charles & Keith-Dolmen Lahore,48,26/03/2026 21:55,26,3,2026,7312,4499
Charles & Keith-Dolmen Lahore,49,30/03/2026 17:58,30,3,2026,7424,349
Charles & Keith-Dolmen Lahore,50,09/04/2026 19:22,9,4,2026,7675,1560
Charles & Keith-Dolmen Lahore,51,10/04/2026 18:07,10,4,2026,7695,699
Charles & Keith-Dolmen Lahore,52,10/04/2026 18:14,10,4,2026,7696,3700
Charles & Keith-Dolmen Lahore,53,18/05/2026 15:29,18,5,2026,8442,374
Charles & Keith-Dolmen Lahore,54,26/05/2026 17:10,26,5,2026,8751,4999
Charles & Keith-Emporium Mall,1,07/07/2025 20:55,7,7,2025,58,1250
Charles & Keith-Emporium Mall,2,10/07/2025 21:43,10,7,2025,90,649
Charles & Keith-Emporium Mall,3,02/08/2025 14:29,2,8,2025,356,499
Charles & Keith-Emporium Mall,4,02/08/2025 21:53,2,8,2025,368,374
Charles & Keith-Emporium Mall,5,09/08/2025 20:38,9,8,2025,468,749
Charles & Keith-Emporium Mall,6,10/08/2025 18:05,10,8,2025,490,1804
Charles & Keith-Emporium Mall,7,16/08/2025 12:14,16,8,2025,565,999
Charles & Keith-Emporium Mall,8,27/08/2025 13:02,27,8,2025,681,349
Charles & Keith-Emporium Mall,9,31/08/2025 19:24,31,8,2025,728,699
Charles & Keith-Emporium Mall,10,11/09/2025 16:08,11,9,2025,873,2099
Charles & Keith-Emporium Mall,11,16/09/2025 15:04,16,9,2025,946,499
Charles & Keith-Emporium Mall,12,12/10/2025 14:48,12,10,2025,1250,2999
Charles & Keith-Emporium Mall,13,15/10/2025 17:52,15,10,2025,1297,499
Charles & Keith-Emporium Mall,14,22/10/2025 16:07,22,10,2025,1378,794
Charles & Keith-Emporium Mall,15,23/10/2025 18:36,23,10,2025,1397,2499
Charles & Keith-Emporium Mall,16,29/10/2025 19:09,29,10,2025,1483,1999
Charles & Keith-Emporium Mall,17,10/11/2025 11:23,10,11,2025,1660,3499
Charles & Keith-Emporium Mall,18,07/12/2025 16:19,7,12,2025,1962,701
Charles & Keith-Lucky One,1,12/07/2025 18:57,12,7,2025,120,299
Charles & Keith-Lucky One,2,14/07/2025 16:05,14,7,2025,157,999
Charles & Keith-Lucky One,3,29/07/2025 15:36,29,7,2025,342,1999
Charles & Keith-Lucky One,4,07/08/2025 17:11,7,8,2025,506,999
Charles & Keith-Lucky One,5,08/08/2025 23:02,8,8,2025,528,999
Charles & Keith-Lucky One,6,25/08/2025 21:33,25,8,2025,772,898
Charles & Keith-Lucky One,7,30/08/2025 15:33,30,8,2025,817,424
Charles & Keith-Lucky One,8,03/09/2025 15:26,3,9,2025,871,4999
Charles & Keith-Lucky One,9,07/09/2025 18:50,7,9,2025,942,2999
Charles & Keith-Lucky One,10,16/09/2025 16:42,16,9,2025,1061,999
Charles & Keith-Lucky One,11,19/09/2025 20:19,19,9,2025,1093,999
Charles & Keith-Lucky One,12,26/09/2025 18:25,26,9,2025,1175,499
Charles & Keith-Lucky One,13,30/09/2025 19:11,30,9,2025,1228,1499
Charles & Keith-Lucky One,14,16/10/2025 17:59,16,10,2025,1477,1049
Charles & Keith-Lucky One,15,19/10/2025 17:00,19,10,2025,1516,1999
Charles & Keith-Lucky One,16,15/11/2025 19:35,15,11,2025,1912,2999
Charles & Keith-Lucky One,17,16/11/2025 17:17,16,11,2025,1937,5124
Charles & Keith-Lucky One,18,26/11/2025 17:34,26,11,2025,2054,1874
Charles & Keith-Lucky One,19,02/12/2025 15:59,2,12,2025,2152,8249
Charles & Keith-Lucky One,20,12/12/2025 18:07,12,12,2025,2365,849
Charles & Keith-Lucky One,21,23/12/2025 17:13,23,12,2025,2625,749
Charles & Keith-Lucky One,22,24/12/2025 14:26,24,12,2025,2645,2049
Charles & Keith-Lucky One,23,27/12/2025 16:09,27,12,2025,2714,2974
Charles & Keith-Lucky One,24,11/01/2026 16:22,11,1,2026,3010,6099
Charles & Keith-Lucky One,25,12/01/2026 16:01,12,1,2026,3021,849
Charles & Keith-Lucky One,26,15/01/2026 17:47,15,1,2026,3065,399
Charles & Keith-Lucky One,27,15/01/2026 17:48,15,1,2026,3066,2250
Charles & Keith-Lucky One,28,23/01/2026 16:14,23,1,2026,3190,798
Charles & Keith-Lucky One,29,29/01/2026 12:18,29,1,2026,3268,774
Charles & Keith-Lucky One,30,15/02/2026 15:22,15,2,2026,3529,5499
Charles & Keith-Lucky One,31,20/02/2026 17:55,20,2,2026,3585,2199
Charles & Keith-Lucky One,32,22/02/2026 14:55,22,2,2026,3609,1698
Charles & Keith-Lucky One,33,10/03/2026 15:33,10,3,2026,3906,2499
Charles & Keith-Lucky One,34,11/03/2026 21:07,11,3,2026,3928,2549
Charles & Keith-Lucky One,35,13/03/2026 16:50,13,3,2026,3977,1874
Charles & Keith-Lucky One,36,14/03/2026 15:05,14,3,2026,4006,6199
Charles & Keith-Lucky One,37,10/04/2026 18:53,10,4,2026,4388,2999
Charles & Keith-Lucky One,38,25/04/2026 19:49,25,4,2026,4514,1999
Charles & Keith-Lucky One,39,04/06/2026 19:05,4,6,2026,5057,1799
Charles & Keith-Lucky One,40,10/06/2026 20:26,10,6,2026,5123,6799
Charles & Keith-Lucky One,41,12/06/2026 17:48,12,6,2026,5140,4999
Charles & Keith-Packages Mall,1,11/07/2025 12:50,11,7,2025,106,1399
Charles & Keith-Packages Mall,2,14/07/2025 18:29,14,7,2025,156,2099
Charles & Keith-Packages Mall,3,20/07/2025 21:33,20,7,2025,245,1000
Charles & Keith-Packages Mall,4,30/07/2025 20:26,30,7,2025,372,999
Charles & Keith-Packages Mall,5,03/08/2025 18:21,3,8,2025,439,3399
Charles & Keith-Packages Mall,6,17/08/2025 20:53,17,8,2025,702,2674
Charles & Keith-Packages Mall,7,22/08/2025 21:59,22,8,2025,785,1999
Charles & Keith-Packages Mall,8,02/09/2025 21:10,2,9,2025,952,5999
Charles & Keith-Packages Mall,9,04/09/2025 21:26,4,9,2025,977,1499
Charles & Keith-Packages Mall,10,09/09/2025 13:36,9,9,2025,1037,499
Charles & Keith-Packages Mall,11,07/10/2025 21:53,7,10,2025,1441,1874
Charles & Keith-Packages Mall,12,07/10/2025 21:56,7,10,2025,1442,2799
Charles & Keith-Packages Mall,13,07/11/2025 17:21,7,11,2025,1856,349
Charles & Keith-Packages Mall,14,22/11/2025 15:45,22,11,2025,2061,999
Charles & Keith-Packages Mall,15,30/11/2025 14:26,30,11,2025,2164,1499
Charles & Keith-Packages Mall,16,01/12/2025 17:35,1,12,2025,2183,349
Charles & Keith-Packages Mall,17,03/12/2025 20:11,3,12,2025,2205,1999
Charles & Keith-Packages Mall,18,04/12/2025 15:00,4,12,2025,2209,543
Charles & Keith-Packages Mall,19,12/12/2025 21:12,12,12,2025,2374,9098
Charles & Keith-Packages Mall,20,16/12/2025 21:18,16,12,2025,2440,4999
Charles & Keith-Packages Mall,21,29/12/2025 19:54,29,12,2025,2678,2799
Charles & Keith-Packages Mall,22,07/01/2026 21:11,7,1,2026,2813,699
Charles & Keith-Packages Mall,23,15/01/2026 14:13,15,1,2026,2919,2899
Charles & Keith-Packages Mall,24,24/01/2026 21:23,24,1,2026,3069,198
Charles & Keith-Packages Mall,25,27/01/2026 19:55,27,1,2026,3108,5000
Charles & Keith-Packages Mall,26,01/02/2026 17:12,1,2,2026,3175,1399
Charles & Keith-Packages Mall,27,06/02/2026 17:09,6,2,2026,3248,424
Charles & Keith-Packages Mall,28,16/02/2026 19:50,16,2,2026,3379,3999
Charles & Keith-Packages Mall,29,17/02/2026 19:50,17,2,2026,3401,999
Charles & Keith-Packages Mall,30,07/03/2026 15:27,7,3,2026,3602,3499
Charles & Keith-Packages Mall,31,12/03/2026 19:06,12,3,2026,3721,999
Charles & Keith-Packages Mall,32,20/03/2026 21:47,20,3,2026,3985,2099
Charles & Keith-Packages Mall,33,24/03/2026 14:10,24,3,2026,4017,699
Charles & Keith-Packages Mall,34,25/03/2026 20:30,25,3,2026,4047,1274
Charles & Keith-Packages Mall,35,21/04/2026 19:16,21,4,2026,4370,3999
Charles & Keith-Packages Mall,36,25/04/2026 14:20,25,4,2026,4400,300
Charles & Keith-Packages Mall,37,10/05/2026 17:48,10,5,2026,4557,13999
Charles & Keith-Packages Mall,38,29/05/2026 21:10,29,5,2026,4805,400
Charles & Keith-Packages Mall,39,31/05/2026 20:47,31,5,2026,4831,2749
Nike-Centaurus Mall,1,04/07/2025 19:43,4,7,2025,102,9199
Nike-Centaurus Mall,2,14/07/2025 15:34,14,7,2025,310,9999
Nike-Centaurus Mall,3,25/07/2025 12:57,25,7,2025,667,499
Nike-Centaurus Mall,4,03/08/2025 21:20,3,8,2025,969,1499
Nike-Centaurus Mall,5,16/08/2025 23:04,16,8,2025,1411,1954
Nike-Centaurus Mall,6,25/08/2025 18:23,25,8,2025,1696,374
Nike-Centaurus Mall,7,27/08/2025 16:49,27,8,2025,1736,299
Nike-Centaurus Mall,8,30/08/2025 15:36,30,8,2025,1807,749
Nike-Centaurus Mall,9,01/09/2025 19:51,1,9,2025,1890,199
Nike-Centaurus Mall,10,18/12/2025 22:43,18,12,2025,4665,254
Nike-Centaurus Mall,11,20/12/2025 16:42,20,12,2025,4717,925
Nike-Centaurus Mall,12,24/12/2025 20:24,24,12,2025,4867,4774
Nike-Centaurus Mall,13,25/12/2025 18:30,25,12,2025,4904,200
Nike-Centaurus Mall,14,27/12/2025 15:52,27,12,2025,4976,900
Nike-Centaurus Mall,15,10/01/2026 14:21,10,1,2026,5452,1149
Nike-Centaurus Mall,16,01/02/2026 14:31,1,2,2026,6037,99
Nike-Centaurus Mall,17,18/02/2026 13:46,18,2,2026,6387,199
Nike-Centaurus Mall,18,19/03/2026 17:22,19,3,2026,6999,679
Nike-Centaurus Mall,19,04/04/2026 14:35,4,4,2026,7288,499
Nike-Centaurus Mall,20,03/05/2026 17:33,3,5,2026,7854,7049
Nike-Centaurus Mall,21,06/06/2026 18:51,6,6,2026,8851,400
Nike-Centaurus Mall,22,21/06/2026 21:00,21,6,2026,9486,254
Nike-Centaurus Mall,23,28/06/2026 21:01,28,6,2026,9715,499
Nike-Dolmen Clifton,1,01/07/2025 17:03,1,7,2025,43,799
Nike-Dolmen Clifton,2,10/07/2025 17:36,10,7,2025,512,4874
Nike-Dolmen Clifton,3,12/07/2025 13:04,12,7,2025,606,169
Nike-Dolmen Clifton,4,12/07/2025 18:50,12,7,2025,652,15374
Nike-Dolmen Clifton,5,14/07/2025 21:57,14,7,2025,833,299
Nike-Dolmen Clifton,6,16/07/2025 16:39,16,7,2025,903,749
Nike-Dolmen Clifton,7,24/07/2025 18:25,24,7,2025,1379,2999
Nike-Dolmen Clifton,8,26/07/2025 18:33,26,7,2025,1529,2999
Nike-Dolmen Clifton,9,26/07/2025 22:11,26,7,2025,1572,999
Nike-Dolmen Clifton,10,03/08/2025 15:09,3,8,2025,2155,374
Nike-Dolmen Clifton,11,05/08/2025 14:47,5,8,2025,2351,699
Nike-Dolmen Clifton,12,07/08/2025 12:17,7,8,2025,2496,998
Nike-Dolmen Clifton,13,10/08/2025 16:53,10,8,2025,2736,13874
Nike-Dolmen Clifton,14,11/08/2025 19:01,11,8,2025,2838,199
Nike-Dolmen Clifton,15,13/08/2025 19:21,13,8,2025,2977,999
Nike-Dolmen Clifton,16,14/08/2025 16:16,14,8,2025,3050,8470
Nike-Dolmen Clifton,17,14/08/2025 16:31,14,8,2025,3051,4674
Nike-Dolmen Clifton,18,15/08/2025 18:41,15,8,2025,3099,5524
Nike-Dolmen Clifton,19,17/08/2025 17:26,17,8,2025,3310,1274
Nike-Dolmen Clifton,20,18/08/2025 22:19,18,8,2025,3413,8499
Nike-Dolmen Clifton,21,27/08/2025 19:19,27,8,2025,3831,1499
Nike-Dolmen Clifton,22,27/08/2025 20:41,27,8,2025,3834,11998
Nike-Dolmen Clifton,23,28/08/2025 17:21,28,8,2025,3853,199
Nike-Dolmen Clifton,24,05/09/2025 21:09,5,9,2025,4388,899
Nike-Dolmen Clifton,25,15/09/2025 20:36,15,9,2025,4912,679
Nike-Dolmen Clifton,26,28/09/2025 19:44,28,9,2025,5526,298
Nike-Dolmen Clifton,27,08/10/2025 18:44,8,10,2025,5956,99
Nike-Dolmen Clifton,28,12/10/2025 14:53,12,10,2025,6199,1023
Nike-Dolmen Clifton,29,12/10/2025 22:05,12,10,2025,6322,1049
Nike-Dolmen Clifton,30,19/10/2025 16:01,19,10,2025,6621,1800
Nike-Dolmen Clifton,31,23/10/2025 15:15,23,10,2025,6776,499
Nike-Dolmen Clifton,32,28/10/2025 18:34,28,10,2025,7053,750
Nike-Dolmen Clifton,33,30/10/2025 18:51,30,10,2025,7135,975
Nike-Dolmen Clifton,34,09/11/2025 15:34,9,11,2025,7615,749
Nike-Dolmen Clifton,35,10/11/2025 20:48,10,11,2025,7705,749
Nike-Dolmen Clifton,36,11/11/2025 16:05,11,11,2025,7724,424
Nike-Dolmen Clifton,37,11/11/2025 17:11,11,11,2025,7733,324
Nike-Dolmen Clifton,38,17/11/2025 20:20,17,11,2025,8023,999
Nike-Dolmen Clifton,39,19/11/2025 19:17,19,11,2025,8086,424
Nike-Dolmen Clifton,40,19/11/2025 19:19,19,11,2025,8087,259
Nike-Dolmen Clifton,41,29/11/2025 22:17,29,11,2025,8610,254
Nike-Dolmen Clifton,42,01/12/2025 18:03,1,12,2025,8735,399
Nike-Dolmen Clifton,43,02/12/2025 17:23,2,12,2025,8774,29999
Nike-Dolmen Clifton,44,07/12/2025 19:59,7,12,2025,9195,2549
Nike-Dolmen Clifton,45,10/12/2025 17:17,10,12,2025,9379,199
Nike-Dolmen Clifton,46,11/12/2025 21:53,11,12,2025,9485,643
Nike-Dolmen Clifton,47,12/12/2025 17:25,12,12,2025,9517,773
Nike-Dolmen Clifton,48,15/12/2025 13:11,15,12,2025,9843,599
Nike-Dolmen Clifton,49,16/12/2025 20:54,16,12,2025,9942,750
Nike-Dolmen Clifton,50,20/12/2025 14:09,20,12,2025,10196,15099
Nike-Dolmen Clifton,51,21/12/2025 18:16,21,12,2025,10369,974
Nike-Dolmen Clifton,52,23/12/2025 16:09,23,12,2025,10537,448
Nike-Dolmen Clifton,53,28/12/2025 15:45,28,12,2025,11049,8624
Nike-Dolmen Clifton,54,28/12/2025 15:50,28,12,2025,11051,923
Nike-Dolmen Clifton,55,29/12/2025 16:37,29,12,2025,11173,9349
Nike-Dolmen Clifton,56,01/01/2026 18:50,1,1,2026,11412,14249
Nike-Dolmen Clifton,57,04/01/2026 18:08,4,1,2026,11657,4849
Nike-Dolmen Clifton,58,06/01/2026 19:51,6,1,2026,11785,12001
Nike-Dolmen Clifton,59,07/01/2026 11:47,7,1,2026,11805,374
Nike-Dolmen Clifton,60,10/01/2026 17:42,10,1,2026,12021,6399
Nike-Dolmen Clifton,61,10/01/2026 23:17,10,1,2026,12066,524
Nike-Dolmen Clifton,62,11/01/2026 18:07,11,1,2026,12108,424
Nike-Dolmen Clifton,63,13/01/2026 11:29,13,1,2026,12197,1499
Nike-Dolmen Clifton,64,17/01/2026 13:33,17,1,2026,12393,2474
Nike-Dolmen Clifton,65,17/01/2026 16:07,17,1,2026,12413,6594
Nike-Dolmen Clifton,66,02/02/2026 18:05,2,2,2026,13255,1699
Nike-Dolmen Clifton,67,06/02/2026 18:29,6,2,2026,13428,399
Nike-Dolmen Clifton,68,08/02/2026 15:10,8,2,2026,13545,19898
Nike-Dolmen Clifton,69,08/02/2026 17:44,8,2,2026,13560,7349
Nike-Dolmen Clifton,70,08/02/2026 18:56,8,2,2026,13571,199
Nike-Dolmen Clifton,71,09/02/2026 18:02,9,2,2026,13626,374
Nike-Dolmen Clifton,72,14/02/2026 15:11,14,2,2026,13862,499
Nike-Dolmen Clifton,73,15/02/2026 17:32,15,2,2026,13953,399
Nike-Dolmen Clifton,74,15/02/2026 18:08,15,2,2026,13957,674
Nike-Dolmen Clifton,75,20/02/2026 21:14,20,2,2026,14151,8999
Nike-Dolmen Clifton,76,20/02/2026 21:44,20,2,2026,14155,899
Nike-Dolmen Clifton,77,12/03/2026 21:53,12,3,2026,15051,2549
Nike-Dolmen Clifton,78,13/03/2026 20:34,13,3,2026,15087,200
Nike-Dolmen Clifton,79,14/03/2026 1:00,14,3,2026,15129,33999
Nike-Dolmen Clifton,80,15/03/2026 21:57,15,3,2026,15306,549
Nike-Dolmen Clifton,81,16/03/2026 1:10,16,3,2026,15344,4845
Nike-Dolmen Clifton,82,16/03/2026 12:18,16,3,2026,15354,424
Nike-Dolmen Clifton,83,16/03/2026 21:23,16,3,2026,15385,254
Nike-Dolmen Clifton,84,23/03/2026 18:19,23,3,2026,15760,5651
Nike-Dolmen Clifton,85,26/03/2026 16:57,26,3,2026,15828,1798
Nike-Dolmen Clifton,86,27/03/2026 21:44,27,3,2026,15865,999
Nike-Dolmen Clifton,87,31/03/2026 19:28,31,3,2026,16044,999
Nike-Dolmen Clifton,88,13/04/2026 18:43,13,4,2026,16551,1199
Nike-Dolmen Clifton,89,13/04/2026 18:46,13,4,2026,16552,98
Nike-Dolmen Clifton,90,27/04/2026 14:10,27,4,2026,17055,1274
Nike-Dolmen Clifton,91,02/05/2026 12:13,2,5,2026,17264,6849
Nike-Dolmen Clifton,92,02/05/2026 21:05,2,5,2026,17318,299
Nike-Dolmen Clifton,93,06/05/2026 18:04,6,5,2026,17468,999
Nike-Dolmen Clifton,94,10/05/2026 21:08,10,5,2026,17762,499
Nike-Dolmen Clifton,95,20/05/2026 17:57,20,5,2026,18201,5999
Nike-Dolmen Clifton,96,21/05/2026 18:13,21,5,2026,18253,499
Nike-Dolmen Clifton,97,22/05/2026 19:13,22,5,2026,18354,3999
Nike-Dolmen Clifton,98,22/05/2026 21:00,22,5,2026,18377,1186
Nike-Dolmen Clifton,99,25/05/2026 20:42,25,5,2026,18843,25498
Nike-Dolmen Clifton,100,25/05/2026 22:08,25,5,2026,18852,24
Nike-Dolmen Clifton,101,26/05/2026 16:07,26,5,2026,18918,999
Nike-Dolmen Clifton,102,31/05/2026 17:03,31,5,2026,19206,3550
Nike-Dolmen Clifton,103,31/05/2026 18:52,31,5,2026,19234,899
Nike-Dolmen Clifton,104,01/06/2026 19:43,1,6,2026,19309,398
Nike-Dolmen Clifton,105,02/06/2026 15:43,2,6,2026,19340,549
Nike-Dolmen Clifton,106,04/06/2026 16:59,4,6,2026,19525,1449
Nike-Dolmen Clifton,107,04/06/2026 17:52,4,6,2026,19530,1444
Nike-Dolmen Clifton,108,05/06/2026 19:39,5,6,2026,19605,398
Nike-Dolmen Clifton,109,06/06/2026 21:38,6,6,2026,19726,799
Nike-Dolmen Clifton,110,07/06/2026 13:46,7,6,2026,19760,24
Nike-Dolmen Clifton,111,09/06/2026 13:24,9,6,2026,19925,3399
Nike-Dolmen Clifton,112,12/06/2026 21:04,12,6,2026,20167,254
Nike-Dolmen Clifton,113,15/06/2026 21:14,15,6,2026,20493,629
Nike-Dolmen Clifton,114,16/06/2026 21:34,16,6,2026,20549,399
Nike-Dolmen Clifton,115,23/06/2026 12:27,23,6,2026,21069,499
Nike-Dolmen Clifton,116,23/06/2026 14:11,23,6,2026,21074,699
Nike-Dolmen Clifton,117,24/06/2026 14:57,24,6,2026,21138,1298
Nike-Packages Mall,1,27/08/2025 18:56,27,8,2025,1279,46
Nike-Packages Mall,2,28/06/2026 19:09,28,6,2026,6569,99
Nike-Safa Mall,1,27/08/2025 17:21,27,8,2025,647,2298
Nike-Safa Mall,2,29/01/2026 15:29,29,1,2026,2177,744
Nike-Safa Mall,3,27/03/2026 22:38,27,3,2026,2754,559
Nike-Safa Mall,4,30/03/2026 19:48,30,3,2026,2781,1049
Nike-Safa Mall,5,17/04/2026 10:57,17,4,2026,2954,499
Nike-Safa Mall,6,26/04/2026 15:51,26,4,2026,3024,914
Nike-Safa Mall,7,15/05/2026 16:34,15,5,2026,3240,1
Nike-Safa Mall,8,15/05/2026 16:39,15,5,2026,3241,351
Nike-Safa Mall,9,11/06/2026 15:33,11,6,2026,3636,2249
Nike-Safa Mall,10,23/06/2026 17:50,23,6,2026,3842,1359
Nike-Safa Mall,11,27/06/2026 16:48,27,6,2026,3874,219
Nike-Safa Mall,12,30/06/2026 19:42,30,6,2026,3937,524
Nike-Xinhua Mall,1,19/08/2025 19:43,19,8,2025,790,1724
Nike-Xinhua Mall,2,31/08/2025 16:25,31,8,2025,976,626
Nike-Xinhua Mall,3,09/09/2025 20:00,9,9,2025,1101,499
Nike-Xinhua Mall,4,02/10/2025 18:50,2,10,2025,1405,499
Nike-Xinhua Mall,5,26/10/2025 21:50,26,10,2025,1737,2499
Nike-Xinhua Mall,6,13/11/2025 14:53,13,11,2025,1938,1999
Nike-Xinhua Mall,7,25/11/2025 19:09,25,11,2025,2086,24
Nike-Xinhua Mall,8,08/12/2025 14:57,8,12,2025,2292,2099
Nike-Xinhua Mall,9,18/12/2025 13:28,18,12,2025,2465,100
Nike-Xinhua Mall,10,20/12/2025 20:06,20,12,2025,2512,1430
Nike-Xinhua Mall,11,29/12/2025 17:16,29,12,2025,2659,899
Nike-Xinhua Mall,12,20/03/2026 22:47,20,3,2026,3631,254
Nike-Xinhua Mall,13,16/06/2026 20:31,16,6,2026,4639,799
Pedro-Dolmen Clifton,1,01/07/2025 19:50,1,7,2025,10,599
Pedro-Dolmen Clifton,2,03/07/2025 18:42,3,7,2025,43,299
Pedro-Dolmen Clifton,3,03/07/2025 19:43,3,7,2025,46,1250
Pedro-Dolmen Clifton,4,19/07/2025 20:51,19,7,2025,289,999
Pedro-Dolmen Clifton,5,11/08/2025 19:14,11,8,2025,723,8998
Pedro-Dolmen Clifton,6,12/08/2025 15:10,12,8,2025,730,3374
Pedro-Dolmen Clifton,7,12/08/2025 21:02,12,8,2025,741,1699
Pedro-Dolmen Clifton,8,12/08/2025 23:01,12,8,2025,749,4999
Pedro-Dolmen Clifton,9,02/09/2025 16:52,2,9,2025,1065,19998
Pedro-Dolmen Clifton,10,10/09/2025 16:18,10,9,2025,1200,3749
Pedro-Dolmen Clifton,11,17/09/2025 12:11,17,9,2025,1279,4249
Pedro-Dolmen Clifton,12,20/09/2025 12:52,20,9,2025,1328,4999
Pedro-Dolmen Clifton,13,21/09/2025 15:18,21,9,2025,1352,174
Pedro-Dolmen Clifton,14,04/10/2025 19:27,4,10,2025,1569,258
Pedro-Dolmen Clifton,15,12/10/2025 19:04,12,10,2025,1763,8249
Pedro-Dolmen Clifton,16,15/10/2025 15:22,15,10,2025,1819,374
Pedro-Dolmen Clifton,17,15/10/2025 19:29,15,10,2025,1825,999
Pedro-Dolmen Clifton,18,26/10/2025 21:53,26,10,2025,2066,4699
Pedro-Dolmen Clifton,19,02/11/2025 15:32,2,11,2025,2160,11298
Pedro-Dolmen Clifton,20,04/11/2025 21:52,4,11,2025,2213,3499
Pedro-Dolmen Clifton,21,09/11/2025 22:27,9,11,2025,2334,10699
Pedro-Dolmen Clifton,22,17/11/2025 18:20,17,11,2025,2476,3974
Pedro-Dolmen Clifton,23,26/11/2025 16:57,26,11,2025,2649,500
Pedro-Dolmen Clifton,24,26/11/2025 20:47,26,11,2025,2660,2599
Pedro-Dolmen Clifton,25,29/11/2025 23:24,29,11,2025,2729,5699
Pedro-Dolmen Clifton,26,30/11/2025 16:45,30,11,2025,2742,749
Pedro-Dolmen Clifton,27,05/12/2025 19:06,5,12,2025,2862,999
Pedro-Dolmen Clifton,28,09/12/2025 21:18,9,12,2025,2994,997
Pedro-Dolmen Clifton,29,11/12/2025 20:54,11,12,2025,3036,399
Pedro-Dolmen Clifton,30,12/12/2025 21:43,12,12,2025,3060,10300
Pedro-Dolmen Clifton,31,15/12/2025 20:52,15,12,2025,3206,16199
Pedro-Dolmen Clifton,32,26/12/2025 22:15,26,12,2025,3561,749
Pedro-Dolmen Clifton,33,29/12/2025 17:33,29,12,2025,3651,2073
Pedro-Dolmen Clifton,34,29/12/2025 17:50,29,12,2025,3653,1371
Pedro-Dolmen Clifton,35,29/12/2025 19:13,29,12,2025,3659,198
Pedro-Dolmen Clifton,36,29/12/2025 20:53,29,12,2025,3670,2950
Pedro-Dolmen Clifton,37,02/01/2026 18:08,2,1,2026,3763,3999
Pedro-Dolmen Clifton,38,08/01/2026 18:00,8,1,2026,3925,500
Pedro-Dolmen Clifton,39,09/01/2026 22:54,9,1,2026,3963,5249
Pedro-Dolmen Clifton,40,12/01/2026 22:02,12,1,2026,4031,18599
Pedro-Dolmen Clifton,41,13/01/2026 12:33,13,1,2026,4037,749
Pedro-Dolmen Clifton,42,13/01/2026 18:25,13,1,2026,4049,6849
Pedro-Dolmen Clifton,43,17/01/2026 19:44,17,1,2026,4167,3749
Pedro-Dolmen Clifton,44,30/01/2026 18:02,30,1,2026,4432,1099
Pedro-Dolmen Clifton,45,31/01/2026 13:42,31,1,2026,4444,2699
Pedro-Dolmen Clifton,46,04/02/2026 19:18,4,2,2026,4547,999
Pedro-Dolmen Clifton,47,13/02/2026 21:57,13,2,2026,4774,9499
Pedro-Dolmen Clifton,48,14/02/2026 22:32,14,2,2026,4815,1698
Pedro-Dolmen Clifton,49,23/02/2026 15:29,23,2,2026,4964,2999
Pedro-Dolmen Clifton,50,04/03/2026 16:47,4,3,2026,5114,15
Pedro-Dolmen Clifton,51,05/03/2026 23:02,5,3,2026,5152,5599
Pedro-Dolmen Clifton,52,06/03/2026 17:48,6,3,2026,5173,699
Pedro-Dolmen Clifton,53,12/03/2026 0:28,12,3,2026,5425,499
Pedro-Dolmen Clifton,54,23/03/2026 15:59,23,3,2026,5958,749
Pedro-Dolmen Clifton,55,26/03/2026 22:19,26,3,2026,6010,499
Pedro-Dolmen Clifton,56,08/04/2026 15:43,8,4,2026,6206,1198
Pedro-Dolmen Clifton,57,13/04/2026 19:07,13,4,2026,6313,1199
Pedro-Dolmen Clifton,58,19/04/2026 20:10,19,4,2026,6397,1499
Pedro-Dolmen Clifton,59,22/04/2026 18:06,22,4,2026,6419,649
Pedro-Dolmen Clifton,60,03/05/2026 20:20,3,5,2026,6573,499
Pedro-Dolmen Clifton,61,14/05/2026 19:51,14,5,2026,6774,5299
Pedro-Dolmen Clifton,62,17/05/2026 17:38,17,5,2026,6838,1099
Pedro-Dolmen Clifton,63,21/05/2026 19:36,21,5,2026,6951,8599
Pedro-Dolmen Clifton,64,22/05/2026 22:24,22,5,2026,7006,1249
Pedro-Dolmen Clifton,65,25/05/2026 15:26,25,5,2026,7138,2198
Pedro-Dolmen Clifton,66,15/06/2026 20:26,15,6,2026,7492,1499
Pedro-Dolmen Clifton,67,18/06/2026 17:08,18,6,2026,7532,7999
Pedro-Dolmen Clifton,68,20/06/2026 18:40,20,6,2026,7580,1399
Pedro-Dolmen Clifton,69,21/06/2026 19:47,21,6,2026,7619,599
Pedro-Dolmen Clifton,70,21/06/2026 21:13,21,6,2026,7624,3998
Pedro-Dolmen Clifton,71,21/06/2026 21:24,21,6,2026,7625,500
Pedro-Dolmen Clifton,72,22/06/2026 14:57,22,6,2026,7632,197
Pedro-Dolmen Clifton,73,25/06/2026 20:26,25,6,2026,7681,1496
Pedro-Dolmen Clifton,74,25/06/2026 22:36,25,6,2026,7683,473
Pedro-Dolmen Lahore,1,13/07/2025 19:29,13,7,2025,145,3849
Pedro-Dolmen Lahore,2,01/08/2025 21:20,1,8,2025,370,349
Pedro-Dolmen Lahore,3,15/08/2025 18:30,15,8,2025,539,2624
Pedro-Dolmen Lahore,4,19/08/2025 16:48,19,8,2025,604,999
Pedro-Dolmen Lahore,5,11/09/2025 16:10,11,9,2025,881,499
Pedro-Dolmen Lahore,6,14/09/2025 16:21,14,9,2025,932,374
Pedro-Dolmen Lahore,7,14/09/2025 19:57,14,9,2025,939,2999
Pedro-Dolmen Lahore,8,19/10/2025 20:16,19,10,2025,1417,3999
Pedro-Dolmen Lahore,9,04/11/2025 19:51,4,11,2025,1645,4699
Pedro-Dolmen Lahore,10,08/12/2025 21:35,8,12,2025,2184,6449
Pedro-Dolmen Lahore,11,16/12/2025 15:17,16,12,2025,2352,2899
Pedro-Dolmen Lahore,12,06/01/2026 15:58,6,1,2026,2809,298
Pedro-Dolmen Lahore,13,14/01/2026 20:50,14,1,2026,2957,168
Pedro-Dolmen Lahore,14,13/02/2026 20:32,13,2,2026,3446,18399
Pedro-Dolmen Lahore,15,09/03/2026 19:45,9,3,2026,3829,2999
Pedro-Dolmen Lahore,16,09/03/2026 21:31,9,3,2026,3837,499
Pedro-Dolmen Lahore,17,16/03/2026 2:07,16,3,2026,4009,600
Pedro-Dolmen Lahore,18,03/04/2026 19:13,3,4,2026,4469,2449
Pedro-Dolmen Lahore,19,09/06/2026 19:30,9,6,2026,5509,3999
Pedro-Dolmen Lahore,20,18/06/2026 15:53,18,6,2026,5645,3848
Pedro-Dolmen Lahore,21,27/06/2026 14:54,27,6,2026,5774,300
Pedro-Online,1,02/09/2025 15:27,2,9,2025,202,500
Pedro-Online,2,13/01/2026 12:21,13,1,2026,602,14301
Pedro-Online,3,23/01/2026 16:23,23,1,2026,671,500
Pedro-Online,4,26/02/2026 11:03,26,2,2026,768,799
Pedro-Online,5,30/06/2026 15:40,30,6,2026,1426,1698
Pedro-Packages Mall,1,16/07/2025 19:48,16,7,2025,94,5149
Pedro-Packages Mall,2,22/07/2025 15:17,22,7,2025,149,2073
Pedro-Packages Mall,3,09/08/2025 22:46,9,8,2025,323,2999
Pedro-Packages Mall,4,01/10/2025 19:08,1,10,2025,796,199
Pedro-Packages Mall,5,17/10/2025 20:59,17,10,2025,943,599
Pedro-Packages Mall,6,17/11/2025 21:44,17,11,2025,1244,749
Pedro-Packages Mall,7,23/11/2025 19:25,23,11,2025,1297,999
Pedro-Packages Mall,8,02/12/2025 13:18,2,12,2025,1369,699
Pedro-Packages Mall,9,12/12/2025 15:37,12,12,2025,1465,5699
Pedro-Packages Mall,10,01/02/2026 17:57,1,2,2026,2057,100
Pedro-Packages Mall,11,17/02/2026 21:32,17,2,2026,2208,728
Pedro-Packages Mall,12,07/03/2026 15:59,7,3,2026,2342,497
Pedro-Packages Mall,13,19/03/2026 16:19,19,3,2026,2547,1999
Pedro-Packages Mall,14,30/03/2026 14:16,30,3,2026,2675,699
Puma - Dolmen Mall Lahore,1,28/02/2026 14:27,28,2,2026,259,749
Puma - Dolmen Mall Lahore,2,25/03/2026 12:23,25,3,2026,865,1099
Puma - Dolmen Mall Lahore,3,05/04/2026 20:15,5,4,2026,1022,499
Puma - Dolmen Mall Lahore,4,22/05/2026 19:55,22,5,2026,1735,25
Puma - Dolmen Mall Lahore,5,12/06/2026 16:19,12,6,2026,2284,899
Puma - Dolmen Mall Lahore,6,20/06/2026 12:57,20,6,2026,2526,399
Puma - Dolmen Mall Lahore,7,20/06/2026 16:37,20,6,2026,2538,399
Puma - Dolmen Mall Lahore,8,21/06/2026 13:31,21,6,2026,2570,99
Puma - Dolmen Mall Lahore,9,24/06/2026 16:48,24,6,2026,2671,999
Puma - Dolmen Mall Lahore,10,25/06/2026 16:45,25,6,2026,2689,499
Puma - Dolmen Mall Lahore,11,29/06/2026 11:13,29,6,2026,2773,199
Speed Sports-Dolmen Clifton,1,01/07/2025 16:26,1,7,2025,26,1499
Speed Sports-Dolmen Clifton,2,03/07/2025 14:26,3,7,2025,160,799
Speed Sports-Dolmen Clifton,3,09/07/2025 16:30,9,7,2025,516,449
Speed Sports-Dolmen Clifton,4,12/07/2025 15:16,12,7,2025,728,2148
Speed Sports-Dolmen Clifton,5,12/07/2025 17:51,12,7,2025,749,4124
Speed Sports-Dolmen Clifton,6,13/07/2025 16:58,13,7,2025,854,929
Speed Sports-Dolmen Clifton,7,15/07/2025 17:43,15,7,2025,1009,919
Speed Sports-Dolmen Clifton,8,19/07/2025 11:49,19,7,2025,1223,1103
Speed Sports-Dolmen Clifton,9,19/07/2025 21:33,19,7,2025,1292,11699
Speed Sports-Dolmen Clifton,10,22/07/2025 12:53,22,7,2025,1458,149
Speed Sports-Dolmen Clifton,11,23/07/2025 17:48,23,7,2025,1538,1103
Speed Sports-Dolmen Clifton,12,25/07/2025 16:44,25,7,2025,1638,2499
Speed Sports-Dolmen Clifton,13,27/07/2025 16:50,27,7,2025,1827,1959
Speed Sports-Dolmen Clifton,14,27/07/2025 18:16,27,7,2025,1848,2324
Speed Sports-Dolmen Clifton,15,29/07/2025 21:58,29,7,2025,1992,599
Speed Sports-Dolmen Clifton,16,30/07/2025 20:23,30,7,2025,2052,1824
Speed Sports-Dolmen Clifton,17,31/07/2025 12:32,31,7,2025,2083,4300
Speed Sports-Dolmen Clifton,18,02/08/2025 20:33,2,8,2025,2277,374
Speed Sports-Dolmen Clifton,19,03/08/2025 14:22,3,8,2025,2320,2739
Speed Sports-Dolmen Clifton,20,03/08/2025 17:59,3,8,2025,2367,1174
Speed Sports-Dolmen Clifton,21,05/08/2025 20:17,5,8,2025,2557,1499
Speed Sports-Dolmen Clifton,22,10/08/2025 20:54,10,8,2025,2922,2700
Speed Sports-Dolmen Clifton,23,11/08/2025 20:37,11,8,2025,2990,673
Speed Sports-Dolmen Clifton,24,23/08/2025 18:01,23,8,2025,3600,10574
Speed Sports-Dolmen Clifton,25,23/08/2025 18:36,23,8,2025,3604,1073
Speed Sports-Dolmen Clifton,26,23/08/2025 21:49,23,8,2025,3626,24
Speed Sports-Dolmen Clifton,27,25/08/2025 12:43,25,8,2025,3727,18074
Speed Sports-Dolmen Clifton,28,26/08/2025 17:35,26,8,2025,3780,499
Speed Sports-Dolmen Clifton,29,26/08/2025 19:26,26,8,2025,3787,374
Speed Sports-Dolmen Clifton,30,27/08/2025 13:02,27,8,2025,3801,2100
Speed Sports-Dolmen Clifton,31,02/09/2025 11:59,2,9,2025,4162,299
Speed Sports-Dolmen Clifton,32,02/09/2025 17:53,2,9,2025,4180,399
Speed Sports-Dolmen Clifton,33,03/09/2025 21:14,3,9,2025,4247,499
Speed Sports-Dolmen Clifton,34,08/09/2025 20:45,8,9,2025,4574,3124
Speed Sports-Dolmen Clifton,35,12/09/2025 17:33,12,9,2025,4704,3374
Speed Sports-Dolmen Clifton,36,13/09/2025 17:43,13,9,2025,4770,16899
Speed Sports-Dolmen Clifton,37,14/09/2025 14:36,14,9,2025,4820,999
Speed Sports-Dolmen Clifton,38,23/09/2025 14:07,23,9,2025,5273,974
Speed Sports-Dolmen Clifton,39,25/09/2025 22:12,25,9,2025,5390,22998
Speed Sports-Dolmen Clifton,40,26/09/2025 20:33,26,9,2025,5432,199
Speed Sports-Dolmen Clifton,41,26/09/2025 23:25,26,9,2025,5448,1499
Speed Sports-Dolmen Clifton,42,29/09/2025 12:09,29,9,2025,5598,1499
Speed Sports-Dolmen Clifton,43,01/10/2025 20:53,1,10,2025,5713,5099
Speed Sports-Dolmen Clifton,44,09/10/2025 20:55,9,10,2025,6141,2998
Speed Sports-Dolmen Clifton,45,11/10/2025 14:22,11,10,2025,6257,349
Speed Sports-Dolmen Clifton,46,16/10/2025 18:11,16,10,2025,6729,9374
Speed Sports-Dolmen Clifton,47,19/10/2025 20:28,19,10,2025,6978,3374
Speed Sports-Dolmen Clifton,48,07/11/2025 22:59,7,11,2025,7990,299
Speed Sports-Dolmen Clifton,49,08/11/2025 20:59,8,11,2025,8061,453
Speed Sports-Dolmen Clifton,50,11/11/2025 21:55,11,11,2025,8273,1799
Speed Sports-Dolmen Clifton,51,12/11/2025 16:09,12,11,2025,8293,150
Speed Sports-Dolmen Clifton,52,20/11/2025 17:52,20,11,2025,8663,1199
Speed Sports-Dolmen Clifton,53,21/11/2025 21:08,21,11,2025,8716,2124
Speed Sports-Dolmen Clifton,54,26/11/2025 18:08,26,11,2025,8968,799
Speed Sports-Dolmen Clifton,55,27/11/2025 21:02,27,11,2025,9029,6099
Speed Sports-Dolmen Clifton,56,07/12/2025 21:37,7,12,2025,9777,1874
Speed Sports-Dolmen Clifton,57,11/12/2025 20:19,11,12,2025,10070,1549
Speed Sports-Dolmen Clifton,58,17/12/2025 12:41,17,12,2025,10578,424
Speed Sports-Dolmen Clifton,59,23/12/2025 17:21,23,12,2025,11154,749
Speed Sports-Dolmen Clifton,60,27/12/2025 22:02,27,12,2025,11577,529
Speed Sports-Dolmen Clifton,61,03/01/2026 16:48,3,1,2026,12091,2249
Speed Sports-Dolmen Clifton,62,03/01/2026 21:19,3,1,2026,12145,124
Speed Sports-Dolmen Clifton,63,04/01/2026 21:01,4,1,2026,12232,374
Speed Sports-Dolmen Clifton,64,13/01/2026 16:38,13,1,2026,12803,899
Speed Sports-Dolmen Clifton,65,13/01/2026 21:21,13,1,2026,12832,1444
Speed Sports-Dolmen Clifton,66,19/01/2026 22:49,19,1,2026,13229,8249
Speed Sports-Dolmen Clifton,67,22/01/2026 21:18,22,1,2026,13336,1073
Speed Sports-Dolmen Clifton,68,26/01/2026 19:45,26,1,2026,13600,24249
Speed Sports-Dolmen Clifton,69,30/01/2026 15:24,30,1,2026,13749,1699
Speed Sports-Dolmen Clifton,70,31/01/2026 17:58,31,1,2026,13821,999
Speed Sports-Dolmen Clifton,71,09/02/2026 19:58,9,2,2026,14329,279
Speed Sports-Dolmen Clifton,72,13/02/2026 18:49,13,2,2026,14528,999
Speed Sports-Dolmen Clifton,73,16/02/2026 19:40,16,2,2026,14740,2299
Speed Sports-Dolmen Clifton,74,20/02/2026 16:58,20,2,2026,14865,274
Speed Sports-Dolmen Clifton,75,22/02/2026 15:27,22,2,2026,14965,1499
Speed Sports-Dolmen Clifton,76,22/02/2026 20:36,22,2,2026,14992,5249
Speed Sports-Dolmen Clifton,77,22/02/2026 22:49,22,2,2026,15013,4699
Speed Sports-Dolmen Clifton,78,24/02/2026 22:40,24,2,2026,15069,599
Speed Sports-Dolmen Clifton,79,27/02/2026 19:42,27,2,2026,15169,524
Speed Sports-Dolmen Clifton,80,02/03/2026 16:02,2,3,2026,15300,374
Speed Sports-Dolmen Clifton,81,04/03/2026 13:37,4,3,2026,15356,1899
Speed Sports-Dolmen Clifton,82,05/03/2026 17:39,5,3,2026,15429,399
Speed Sports-Dolmen Clifton,83,12/03/2026 17:38,12,3,2026,15870,24
Speed Sports-Dolmen Clifton,84,14/03/2026 22:10,14,3,2026,16063,1099
Speed Sports-Dolmen Clifton,85,16/03/2026 2:02,16,3,2026,16256,374
Speed Sports-Dolmen Clifton,86,20/03/2026 0:14,20,3,2026,16656,254
Speed Sports-Dolmen Clifton,87,24/03/2026 23:16,24,3,2026,16856,224
Speed Sports-Dolmen Clifton,88,29/03/2026 21:36,29,3,2026,17073,398
Speed Sports-Dolmen Clifton,89,02/04/2026 13:22,2,4,2026,17218,99
Speed Sports-Dolmen Clifton,90,10/04/2026 21:05,10,4,2026,17597,399
Speed Sports-Dolmen Clifton,91,13/04/2026 12:17,13,4,2026,17736,5549
Speed Sports-Dolmen Clifton,92,13/04/2026 12:19,13,4,2026,17737,948
Speed Sports-Dolmen Clifton,93,18/04/2026 20:19,18,4,2026,17949,374
Speed Sports-Dolmen Clifton,94,03/05/2026 17:23,3,5,2026,18783,1524
Speed Sports-Dolmen Clifton,95,04/05/2026 14:52,4,5,2026,18843,799
Speed Sports-Dolmen Clifton,96,09/05/2026 13:32,9,5,2026,19070,1249
Speed Sports-Dolmen Clifton,97,10/05/2026 13:02,10,5,2026,19159,1399
Speed Sports-Dolmen Clifton,98,10/05/2026 16:53,10,5,2026,19203,2799
Speed Sports-Dolmen Clifton,99,11/05/2026 17:50,11,5,2026,19309,699
Speed Sports-Dolmen Clifton,100,19/05/2026 15:56,19,5,2026,19750,1699
Speed Sports-Dolmen Clifton,101,19/05/2026 17:04,19,5,2026,19755,1874
Speed Sports-Dolmen Clifton,102,22/05/2026 19:42,22,5,2026,19991,4499
Speed Sports-Dolmen Clifton,103,02/06/2026 17:27,2,6,2026,21097,99
Speed Sports-Dolmen Clifton,104,02/06/2026 18:11,2,6,2026,21108,254
Speed Sports-Dolmen Clifton,105,06/06/2026 22:11,6,6,2026,21493,1799
Speed Sports-Dolmen Clifton,106,09/06/2026 14:13,9,6,2026,21736,9
Speed Sports-Dolmen Clifton,107,11/06/2026 19:40,11,6,2026,21956,1525
Speed Sports-Dolmen Clifton,108,13/06/2026 19:31,13,6,2026,22146,50
Speed Sports-Dolmen Clifton,109,14/06/2026 20:09,14,6,2026,22301,899
Speed Sports-Dolmen Clifton,110,16/06/2026 12:36,16,6,2026,22419,5524
Speed Sports-Dolmen Clifton,111,17/06/2026 20:40,17,6,2026,22527,624
Speed Sports-Dolmen Clifton,112,20/06/2026 19:27,20,6,2026,22768,424
Speed Sports-Dolmen Clifton,113,21/06/2026 18:02,21,6,2026,22922,374
Speed Sports-Dolmen Clifton,114,22/06/2026 19:42,22,6,2026,23055,3059
Speed Sports-Dolmen Clifton,115,22/06/2026 22:00,22,6,2026,23070,5625
Speed Sports-Dolmen Clifton,116,24/06/2026 12:54,24,6,2026,23155,204
Speed Sports-Dolmen Lahore,1,04/07/2025 15:53,4,7,2025,170,1599
Speed Sports-Dolmen Lahore,2,07/07/2025 22:21,7,7,2025,359,2749
Speed Sports-Dolmen Lahore,3,19/07/2025 21:33,19,7,2025,1014,1599
Speed Sports-Dolmen Lahore,4,29/07/2025 17:26,29,7,2025,1521,124
Speed Sports-Dolmen Lahore,5,05/08/2025 18:24,5,8,2025,1954,679
Speed Sports-Dolmen Lahore,6,17/08/2025 16:23,17,8,2025,2659,299
Speed Sports-Dolmen Lahore,7,18/08/2025 15:34,18,8,2025,2734,199
Speed Sports-Dolmen Lahore,8,04/09/2025 23:15,4,9,2025,3519,4
Speed Sports-Dolmen Lahore,9,16/09/2025 17:54,16,9,2025,4118,1749
Speed Sports-Dolmen Lahore,10,19/09/2025 20:32,19,9,2025,4223,69
Speed Sports-Dolmen Lahore,11,28/09/2025 16:10,28,9,2025,4621,299
Speed Sports-Dolmen Lahore,12,29/09/2025 16:58,29,9,2025,4689,1649
Speed Sports-Dolmen Lahore,13,12/10/2025 22:23,12,10,2025,5457,2499
Speed Sports-Dolmen Lahore,14,25/10/2025 16:53,25,10,2025,6033,2124
Speed Sports-Dolmen Lahore,15,29/10/2025 21:52,29,10,2025,6263,99
Speed Sports-Dolmen Lahore,16,30/10/2025 19:27,30,10,2025,6290,199
Speed Sports-Dolmen Lahore,17,05/11/2025 22:15,5,11,2025,6619,1699
Speed Sports-Dolmen Lahore,18,09/11/2025 16:41,9,11,2025,6817,1699
Speed Sports-Dolmen Lahore,19,10/11/2025 21:00,10,11,2025,6928,1494
Speed Sports-Dolmen Lahore,20,11/11/2025 17:26,11,11,2025,6962,7449
Speed Sports-Dolmen Lahore,21,17/11/2025 21:03,17,11,2025,7301,1234
Speed Sports-Dolmen Lahore,22,30/11/2025 15:28,30,11,2025,7910,5499
Speed Sports-Dolmen Lahore,23,03/12/2025 17:36,3,12,2025,8067,699
Speed Sports-Dolmen Lahore,24,05/12/2025 22:33,5,12,2025,8221,3599
Speed Sports-Dolmen Lahore,25,07/12/2025 18:39,7,12,2025,8385,749
Speed Sports-Dolmen Lahore,26,14/12/2025 14:41,14,12,2025,8866,399
Speed Sports-Dolmen Lahore,27,16/12/2025 18:05,16,12,2025,9044,573
Speed Sports-Dolmen Lahore,28,17/12/2025 17:50,17,12,2025,9105,929
Speed Sports-Dolmen Lahore,29,18/12/2025 14:03,18,12,2025,9143,398
Speed Sports-Dolmen Lahore,30,27/12/2025 17:58,27,12,2025,9900,509
Speed Sports-Dolmen Lahore,31,31/12/2025 21:48,31,12,2025,10264,1374
Speed Sports-Dolmen Lahore,32,01/01/2026 17:16,1,1,2026,10294,389
Speed Sports-Dolmen Lahore,33,02/01/2026 19:20,2,1,2026,10374,274
Speed Sports-Dolmen Lahore,34,06/01/2026 17:14,6,1,2026,10681,224
Speed Sports-Dolmen Lahore,35,12/01/2026 14:52,12,1,2026,11091,525
Speed Sports-Dolmen Lahore,36,13/01/2026 21:05,13,1,2026,11183,674
Speed Sports-Dolmen Lahore,37,23/01/2026 18:37,23,1,2026,11673,99
Speed Sports-Dolmen Lahore,38,24/01/2026 18:14,24,1,2026,11735,2499
Speed Sports-Dolmen Lahore,39,11/02/2026 14:54,11,2,2026,12583,2499
Speed Sports-Dolmen Lahore,40,22/02/2026 16:02,22,2,2026,13061,99
Speed Sports-Dolmen Lahore,41,24/02/2026 17:05,24,2,2026,13146,699
Speed Sports-Dolmen Lahore,42,26/02/2026 21:11,26,2,2026,13224,499
Speed Sports-Dolmen Lahore,43,04/03/2026 12:20,4,3,2026,13478,49
Speed Sports-Dolmen Lahore,44,09/03/2026 14:40,9,3,2026,13822,24
Speed Sports-Dolmen Lahore,45,09/03/2026 20:53,9,3,2026,13849,534
Speed Sports-Dolmen Lahore,46,11/03/2026 15:13,11,3,2026,13934,424
Speed Sports-Dolmen Lahore,47,12/03/2026 16:34,12,3,2026,14020,254
Speed Sports-Dolmen Lahore,48,17/03/2026 23:44,17,3,2026,14481,424
Speed Sports-Dolmen Lahore,49,19/03/2026 14:06,19,3,2026,14602,764
Speed Sports-Dolmen Lahore,50,31/03/2026 14:49,31,3,2026,15190,499
Speed Sports-Dolmen Lahore,51,31/03/2026 16:50,31,3,2026,15200,750
Speed Sports-Dolmen Lahore,52,02/04/2026 21:37,2,4,2026,15312,3599
Speed Sports-Dolmen Lahore,53,11/04/2026 15:22,11,4,2026,15710,8499
Speed Sports-Dolmen Lahore,54,12/04/2026 16:05,12,4,2026,15801,449
Speed Sports-Dolmen Lahore,55,26/04/2026 17:27,26,4,2026,16572,299
Speed Sports-Dolmen Lahore,56,05/05/2026 11:10,5,5,2026,17063,199
Speed Sports-Dolmen Lahore,57,05/05/2026 18:45,5,5,2026,17089,808
Speed Sports-Dolmen Lahore,58,10/05/2026 16:46,10,5,2026,17426,139
Speed Sports-Dolmen Lahore,59,10/05/2026 17:29,10,5,2026,17436,199
Speed Sports-Dolmen Lahore,60,11/05/2026 15:31,11,5,2026,17494,5250
Speed Sports-Dolmen Lahore,61,20/05/2026 22:02,20,5,2026,18046,559
Speed Sports-Dolmen Lahore,62,24/05/2026 16:23,24,5,2026,18524,169
Speed Sports-Dolmen Lahore,63,25/05/2026 16:05,25,5,2026,18708,254
Speed Sports-Dolmen Lahore,64,31/05/2026 19:28,31,5,2026,19215,5
Speed Sports-Dolmen Lahore,65,02/06/2026 17:58,2,6,2026,19351,84
Speed Sports-Dolmen Lahore,66,03/06/2026 18:47,3,6,2026,19420,299
Speed Sports-Dolmen Lahore,67,04/06/2026 18:35,4,6,2026,19482,254
Speed Sports-Dolmen Lahore,68,13/06/2026 17:09,13,6,2026,20217,974
Speed Sports-Dolmen Lahore,69,21/06/2026 17:21,21,6,2026,21019,349
Speed Sports-Dolmen Lahore,70,21/06/2026 18:32,21,6,2026,21046,699
Speed Sports-Dolmen Lahore,71,21/06/2026 18:47,21,6,2026,21058,99
Speed Sports-Emporium Mall,1,16/07/2025 15:48,16,7,2025,612,99
Speed Sports-Emporium Mall,2,16/07/2025 19:00,16,7,2025,625,6699
Speed Sports-Emporium Mall,3,03/08/2025 21:18,3,8,2025,1380,399
Speed Sports-Emporium Mall,4,12/08/2025 19:29,12,8,2025,1712,5899
Speed Sports-Emporium Mall,5,24/08/2025 17:06,24,8,2025,2159,400
Speed Sports-Emporium Mall,6,27/08/2025 19:41,27,8,2025,2279,1099
Speed Sports-Emporium Mall,7,30/08/2025 22:08,30,8,2025,2374,499
Speed Sports-Emporium Mall,8,31/08/2025 15:52,31,8,2025,2392,489
Speed Sports-Emporium Mall,9,07/09/2025 15:43,7,9,2025,2611,11899
Speed Sports-Emporium Mall,10,02/10/2025 18:35,2,10,2025,3430,3299
Speed Sports-Emporium Mall,11,08/10/2025 21:48,8,10,2025,3655,1999
Speed Sports-Emporium Mall,12,20/10/2025 12:05,20,10,2025,4071,199
Speed Sports-Emporium Mall,13,01/01/2026 18:47,1,1,2026,7116,5524
Speed Sports-Emporium Mall,14,02/01/2026 20:06,2,1,2026,7164,169
Speed Sports-Emporium Mall,15,19/01/2026 17:22,19,1,2026,7849,99
Speed Sports-Emporium Mall,16,22/01/2026 20:59,22,1,2026,7985,99
Speed Sports-Emporium Mall,17,28/01/2026 17:28,28,1,2026,8176,199
Speed Sports-Emporium Mall,18,21/02/2026 17:33,21,2,2026,8927,699
Speed Sports-Emporium Mall,19,28/02/2026 23:53,28,2,2026,9130,1199
Speed Sports-Emporium Mall,20,01/03/2026 20:57,1,3,2026,9151,199
Speed Sports-Emporium Mall,21,15/03/2026 20:45,15,3,2026,9647,869
Speed Sports-Emporium Mall,22,27/03/2026 17:21,27,3,2026,10013,49
Speed Sports-Emporium Mall,23,16/04/2026 13:03,16,4,2026,10538,7499
Speed Sports-Emporium Mall,24,25/05/2026 14:08,25,5,2026,11895,2
Speed Sports-Emporium Mall,25,26/05/2026 13:55,26,5,2026,11965,199
Speed Sports-Emporium Mall,26,04/06/2026 19:15,4,6,2026,12301,88
Speed Sports-Emporium Mall,27,13/06/2026 18:44,13,6,2026,12708,5099
Speed Sports-Emporium Mall,28,19/06/2026 16:38,19,6,2026,12964,449
Speed Sports-Emporium Mall,29,20/06/2026 14:05,20,6,2026,13006,424
Speed Sports-Emporium Mall,30,23/06/2026 16:31,23,6,2026,13155,1049
Speed Sports-Fountain Avenue,1,31/07/2025 17:32,31,7,2025,941,498
Speed Sports-Fountain Avenue,2,24/08/2025 17:36,24,8,2025,1900,399
Speed Sports-Fountain Avenue,3,27/08/2025 13:30,27,8,2025,1976,599
Speed Sports-Fountain Avenue,4,22/09/2025 17:54,22,9,2025,2783,299
Speed Sports-Fountain Avenue,5,27/10/2025 18:28,27,10,2025,3952,3
Speed Sports-Fountain Avenue,6,05/11/2025 13:43,5,11,2025,4193,499
Speed Sports-Fountain Avenue,7,16/12/2025 17:11,16,12,2025,5726,99
Speed Sports-Fountain Avenue,8,19/01/2026 21:12,19,1,2026,6972,3
Speed Sports-Fountain Avenue,9,05/05/2026 14:37,5,5,2026,9927,299
Speed Sports-Giga Mall,1,01/07/2025 13:25,1,7,2025,5,739
Speed Sports-Giga Mall,2,07/07/2025 20:10,7,7,2025,120,799
Speed Sports-Giga Mall,3,11/07/2025 15:15,11,7,2025,219,1039
Speed Sports-Giga Mall,4,20/07/2025 16:51,20,7,2025,443,499
Speed Sports-Giga Mall,5,26/07/2025 17:21,26,7,2025,566,1599
Speed Sports-Giga Mall,6,02/08/2025 15:03,2,8,2025,743,299
Speed Sports-Giga Mall,7,03/08/2025 15:43,3,8,2025,791,209
Speed Sports-Giga Mall,8,01/09/2025 22:44,1,9,2025,1545,1099
Speed Sports-Giga Mall,9,02/09/2025 15:29,2,9,2025,1548,299
Speed Sports-Giga Mall,10,11/09/2025 21:26,11,9,2025,1726,299
Speed Sports-Giga Mall,11,13/09/2025 20:40,13,9,2025,1756,2993
Speed Sports-Giga Mall,12,09/10/2025 22:26,9,10,2025,2210,1599
Speed Sports-Giga Mall,13,17/10/2025 22:25,17,10,2025,2407,499
Speed Sports-Giga Mall,14,29/10/2025 16:46,29,10,2025,2644,499
Speed Sports-Giga Mall,15,13/11/2025 22:40,13,11,2025,2975,8099
Speed Sports-Giga Mall,16,15/11/2025 21:34,15,11,2025,3011,3126
Speed Sports-Giga Mall,17,27/11/2025 13:01,27,11,2025,3204,599
Speed Sports-Giga Mall,18,27/11/2025 22:01,27,11,2025,3211,8499
Speed Sports-Giga Mall,19,06/12/2025 13:54,6,12,2025,3407,224
Speed Sports-Giga Mall,20,25/12/2025 19:41,25,12,2025,3980,649
Speed Sports-Giga Mall,21,03/01/2026 22:59,3,1,2026,4241,424
Speed Sports-Giga Mall,22,13/01/2026 17:51,13,1,2026,4469,1169
Speed Sports-Giga Mall,23,17/03/2026 19:16,17,3,2026,5667,679
Speed Sports-Lucky One Mall,1,01/07/2025 21:23,1,7,2025,37,399
Speed Sports-Lucky One Mall,2,01/07/2025 23:03,1,7,2025,46,799
Speed Sports-Lucky One Mall,3,17/07/2025 14:43,17,7,2025,493,899
Speed Sports-Lucky One Mall,4,25/07/2025 19:14,25,7,2025,730,99
Speed Sports-Lucky One Mall,5,27/07/2025 21:59,27,7,2025,837,1299
Speed Sports-Lucky One Mall,6,28/07/2025 20:13,28,7,2025,859,2799
Speed Sports-Lucky One Mall,7,30/07/2025 19:27,30,7,2025,909,3300
Speed Sports-Lucky One Mall,8,01/08/2025 18:12,1,8,2025,964,399
Speed Sports-Lucky One Mall,9,01/08/2025 22:39,1,8,2025,978,200
Speed Sports-Lucky One Mall,10,05/08/2025 21:46,5,8,2025,1145,32499
Speed Sports-Lucky One Mall,11,17/08/2025 22:34,17,8,2025,1574,974
Speed Sports-Lucky One Mall,12,20/08/2025 13:57,20,8,2025,1607,949
Speed Sports-Lucky One Mall,13,04/09/2025 15:09,4,9,2025,1961,824
Speed Sports-Lucky One Mall,14,11/09/2025 21:02,11,9,2025,2162,1359
Speed Sports-Lucky One Mall,15,13/09/2025 12:43,13,9,2025,2184,849
Speed Sports-Lucky One Mall,16,14/09/2025 17:20,14,9,2025,2219,1654
Speed Sports-Lucky One Mall,17,23/09/2025 17:15,23,9,2025,2453,3999
Speed Sports-Lucky One Mall,18,23/09/2025 17:56,23,9,2025,2457,3398
Speed Sports-Lucky One Mall,19,30/09/2025 19:29,30,9,2025,2635,13099
Speed Sports-Lucky One Mall,20,02/10/2025 20:09,2,10,2025,2676,3854
Speed Sports-Lucky One Mall,21,31/10/2025 15:18,31,10,2025,3555,17098
Speed Sports-Lucky One Mall,22,31/10/2025 19:27,31,10,2025,3564,6098
Speed Sports-Lucky One Mall,23,02/11/2025 17:47,2,11,2025,3617,199
Speed Sports-Lucky One Mall,24,03/11/2025 15:03,3,11,2025,3638,10298
Speed Sports-Lucky One Mall,25,16/11/2025 17:58,16,11,2025,4029,74
Speed Sports-Lucky One Mall,26,16/11/2025 18:31,16,11,2025,4037,21299
Speed Sports-Lucky One Mall,27,24/11/2025 17:51,24,11,2025,4228,599
Speed Sports-Lucky One Mall,28,29/11/2025 15:25,29,11,2025,4334,398
Speed Sports-Lucky One Mall,29,29/11/2025 17:50,29,11,2025,4343,1854
Speed Sports-Lucky One Mall,30,05/12/2025 20:40,5,12,2025,4529,1199
Speed Sports-Lucky One Mall,31,08/12/2025 13:06,8,12,2025,4642,94
Speed Sports-Lucky One Mall,32,13/12/2025 13:00,13,12,2025,4790,764
Speed Sports-Lucky One Mall,33,24/12/2025 15:01,24,12,2025,5221,674
Speed Sports-Lucky One Mall,34,27/12/2025 20:03,27,12,2025,5383,1378
Speed Sports-Lucky One Mall,35,28/12/2025 0:17,28,12,2025,5405,2999
Speed Sports-Lucky One Mall,36,29/12/2025 13:24,29,12,2025,5457,474
Speed Sports-Lucky One Mall,37,09/01/2026 15:57,9,1,2026,5882,394
Speed Sports-Lucky One Mall,38,10/01/2026 17:22,10,1,2026,5924,9599
Speed Sports-Lucky One Mall,39,18/01/2026 16:43,18,1,2026,6185,204
Speed Sports-Lucky One Mall,40,26/01/2026 18:03,26,1,2026,6388,799
Speed Sports-Lucky One Mall,41,04/02/2026 21:10,4,2,2026,6559,3354
Speed Sports-Lucky One Mall,42,10/02/2026 21:54,10,2,2026,6707,6389
Speed Sports-Lucky One Mall,43,28/02/2026 17:47,28,2,2026,7034,4499
Speed Sports-Lucky One Mall,44,15/03/2026 15:34,15,3,2026,7480,5774
Speed Sports-Lucky One Mall,45,15/03/2026 15:36,15,3,2026,7481,373
Speed Sports-Lucky One Mall,46,03/05/2026 15:37,3,5,2026,8680,1999
Speed Sports-Lucky One Mall,47,08/05/2026 16:22,8,5,2026,8784,1274
Speed Sports-Lucky One Mall,48,15/05/2026 16:54,15,5,2026,8999,499
Speed Sports-Lucky One Mall,49,22/05/2026 19:50,22,5,2026,9212,49
Speed Sports-Lucky One Mall,50,25/05/2026 20:56,25,5,2026,9421,224
Speed Sports-Lucky One Mall,51,04/06/2026 16:09,4,6,2026,9673,2124
Speed Sports-Lucky One Mall,52,06/06/2026 18:35,6,6,2026,9750,22279
Speed Sports-Lucky One Mall,53,22/06/2026 14:09,22,6,2026,10230,4699
Speed Sports-Lyallpur Galleria,1,13/07/2025 18:20,13,7,2025,159,6999
Speed Sports-Lyallpur Galleria,2,15/07/2025 23:06,15,7,2025,203,10004
Speed Sports-Lyallpur Galleria,3,21/07/2025 19:28,21,7,2025,277,7124
Speed Sports-Lyallpur Galleria,4,11/09/2025 21:24,11,9,2025,921,499
Speed Sports-Lyallpur Galleria,5,15/09/2025 14:10,15,9,2025,973,5699
Speed Sports-Lyallpur Galleria,6,18/10/2025 15:34,18,10,2025,1436,2999
Speed Sports-Lyallpur Galleria,7,24/11/2025 15:30,24,11,2025,1868,99
Speed Sports-Lyallpur Galleria,8,26/12/2025 13:05,26,12,2025,2404,1699
Speed Sports-Lyallpur Galleria,9,29/12/2025 18:55,29,12,2025,2473,689
Speed Sports-Lyallpur Galleria,10,01/01/2026 22:31,1,1,2026,2529,114
Speed Sports-Lyallpur Galleria,11,09/01/2026 19:04,9,1,2026,2642,204
Speed Sports-Lyallpur Galleria,12,12/01/2026 11:59,12,1,2026,2693,544
Speed Sports-Lyallpur Galleria,13,20/01/2026 19:43,20,1,2026,2788,6719
Speed Sports-Lyallpur Galleria,14,04/02/2026 15:19,4,2,2026,2953,629
Speed Sports-Lyallpur Galleria,15,22/02/2026 15:52,22,2,2026,3137,2699
Speed Sports-Lyallpur Galleria,16,28/02/2026 16:30,28,2,2026,3196,714
Speed Sports-Lyallpur Galleria,17,03/03/2026 14:30,3,3,2026,3234,699
Speed Sports-Lyallpur Galleria,18,19/03/2026 15:13,19,3,2026,3467,254
Speed Sports-Lyallpur Galleria,19,09/05/2026 17:36,9,5,2026,3998,20932
Speed Sports-Lyallpur Galleria,20,20/05/2026 17:54,20,5,2026,4117,1999
Speed Sports-Lyallpur Galleria,21,23/05/2026 21:37,23,5,2026,4185,254
Speed Sports-Lyallpur Galleria,22,25/05/2026 13:41,25,5,2026,4223,973
Speed Sports-Lyallpur Galleria,23,02/06/2026 17:11,2,6,2026,4363,1659
Speed Sports-Lyallpur Galleria,24,09/06/2026 18:15,9,6,2026,4470,12124
Speed Sports-Mall of Multan,1,21/09/2025 21:14,21,9,2025,970,499
Speed Sports-Online,1,01/07/2025 16:16,1,7,2025,18,899
Speed Sports-Online,2,07/07/2025 15:48,7,7,2025,241,1679
Speed Sports-Online,3,08/07/2025 20:13,8,7,2025,548,399
Speed Sports-Online,4,10/07/2025 19:01,10,7,2025,553,319
Speed Sports-Online,5,15/07/2025 17:57,15,7,2025,948,499
Speed Sports-Online,6,16/07/2025 14:33,16,7,2025,960,238
Speed Sports-Online,7,21/07/2025 18:18,21,7,2025,1239,499
Speed Sports-Online,8,30/07/2025 18:11,30,7,2025,1742,6399
Speed Sports-Online,9,31/07/2025 17:43,31,7,2025,1791,14899
Speed Sports-Online,10,05/08/2025 18:08,5,8,2025,2060,6899
Speed Sports-Online,11,18/08/2025 16:11,18,8,2025,2609,3689
Speed Sports-Online,12,18/08/2025 16:15,18,8,2025,2615,4017
Speed Sports-Online,13,29/08/2025 17:05,29,8,2025,3133,98
Speed Sports-Online,14,05/09/2025 16:48,5,9,2025,3329,800
Speed Sports-Online,15,05/09/2025 17:58,5,9,2025,3364,1449
Speed Sports-Online,16,12/09/2025 17:01,12,9,2025,3616,200
Speed Sports-Online,17,16/09/2025 16:08,16,9,2025,3706,3800
Speed Sports-Online,18,19/09/2025 16:32,19,9,2025,3800,2
Speed Sports-Online,19,19/09/2025 16:32,19,9,2025,3820,1700
Speed Sports-Online,20,24/09/2025 16:46,24,9,2025,3967,2800
Speed Sports-Online,21,24/09/2025 16:47,24,9,2025,3975,2331
Speed Sports-Online,22,26/09/2025 16:46,26,9,2025,4042,1399
Speed Sports-Online,23,26/09/2025 16:47,26,9,2025,4076,2000
Speed Sports-Online,24,29/09/2025 16:22,29,9,2025,4088,125
Speed Sports-Online,25,13/10/2025 16:42,13,10,2025,4675,2
Speed Sports-Online,26,13/10/2025 17:31,13,10,2025,4681,2099
Speed Sports-Online,27,14/10/2025 13:17,14,10,2025,4683,699
Speed Sports-Online,28,15/10/2025 15:30,15,10,2025,4722,5399
Speed Sports-Online,29,17/10/2025 16:08,17,10,2025,4738,849
Speed Sports-Online,30,21/10/2025 17:07,21,10,2025,4890,799
Speed Sports-Online,31,10/11/2025 17:09,10,11,2025,5519,89
Speed Sports-Online,32,12/11/2025 17:01,12,11,2025,5671,964
Speed Sports-Online,33,17/11/2025 17:43,17,11,2025,5782,2
Speed Sports-Online,34,21/11/2025 17:54,21,11,2025,5934,2
Speed Sports-Online,36,30/11/2025 11:24,30,11,2025,6159,2
Speed Sports-Online,37,03/12/2025 15:47,3,12,2025,6304,476
Speed Sports-Online,38,03/12/2025 15:47,3,12,2025,6311,99
Speed Sports-Online,39,05/12/2025 19:28,5,12,2025,6398,2975
Speed Sports-Online,40,05/12/2025 19:28,5,12,2025,6399,5900
Speed Sports-Online,41,06/12/2025 19:13,6,12,2025,6544,600
Speed Sports-Online,42,15/12/2025 16:48,15,12,2025,7284,3099
Speed Sports-Online,43,16/12/2025 16:06,16,12,2025,7335,425
Speed Sports-Online,44,17/12/2025 14:48,17,12,2025,7360,749
Speed Sports-Online,45,26/12/2025 19:24,26,12,2025,7915,2201
Speed Sports-Online,46,31/12/2025 17:51,31,12,2025,8304,199
Speed Sports-Online,47,05/01/2026 17:15,5,1,2026,8397,600
Speed Sports-Online,48,05/01/2026 17:15,5,1,2026,8423,1709
Speed Sports-Online,49,07/01/2026 17:07,7,1,2026,8667,2201
Speed Sports-Online,50,14/01/2026 17:02,14,1,2026,8976,16320
Speed Sports-Online,51,14/01/2026 17:04,14,1,2026,9015,900
Speed Sports-Online,52,14/01/2026 18:48,14,1,2026,9069,344
Speed Sports-Online,53,15/01/2026 13:03,15,1,2026,9070,849
Speed Sports-Online,54,16/01/2026 18:54,16,1,2026,9108,399
Speed Sports-Online,55,19/01/2026 19:19,19,1,2026,9173,100
Speed Sports-Online,56,19/01/2026 19:19,19,1,2026,9190,3201
Speed Sports-Online,57,20/01/2026 19:06,20,1,2026,9386,5000
Speed Sports-Online,58,20/01/2026 19:08,20,1,2026,9417,2199
Speed Sports-Online,59,21/01/2026 18:02,21,1,2026,9447,200
Speed Sports-Online,60,21/01/2026 18:05,21,1,2026,9498,2202
Speed Sports-Online,61,22/01/2026 11:34,22,1,2026,9501,349
Speed Sports-Online,62,26/01/2026 20:08,26,1,2026,9648,3198
Speed Sports-Online,63,29/01/2026 18:02,29,1,2026,9870,204
Speed Sports-Online,64,30/01/2026 17:48,30,1,2026,9908,299
Speed Sports-Online,65,06/02/2026 11:50,6,2,2026,10146,4599
Speed Sports-Online,66,09/02/2026 16:46,9,2,2026,10271,200
Speed Sports-Online,67,10/02/2026 15:09,10,2,2026,10401,8099
Speed Sports-Online,68,13/02/2026 20:01,13,2,2026,10585,599
Speed Sports-Online,69,17/02/2026 12:04,17,2,2026,10691,99
Speed Sports-Online,70,17/02/2026 16:12,17,2,2026,10722,599
Speed Sports-Online,71,17/02/2026 16:13,17,2,2026,10723,3099
Speed Sports-Online,72,19/02/2026 20:22,19,2,2026,10784,2000
Speed Sports-Online,73,20/02/2026 22:31,20,2,2026,10816,900
Speed Sports-Online,74,27/02/2026 23:12,27,2,2026,11024,2200
Speed Sports-Online,75,02/03/2026 8:08,2,3,2026,11056,5199
Speed Sports-Online,76,03/03/2026 12:03,3,3,2026,11122,99
Speed Sports-Online,77,06/03/2026 22:03,6,3,2026,11269,300
Speed Sports-Online,78,10/03/2026 23:05,10,3,2026,11459,13124
Speed Sports-Online,79,12/03/2026 6:16,12,3,2026,11575,119
Speed Sports-Online,80,16/03/2026 14:21,16,3,2026,11782,3104
Speed Sports-Online,81,17/03/2026 12:47,17,3,2026,11789,124
Speed Sports-Online,82,24/03/2026 23:14,24,3,2026,11830,22850
Speed Sports-Online,83,30/03/2026 16:38,30,3,2026,12231,224
Speed Sports-Online,84,30/03/2026 16:46,30,3,2026,12313,200
Speed Sports-Online,85,31/03/2026 14:17,31,3,2026,12328,75
Speed Sports-Online,86,01/04/2026 11:34,1,4,2026,12351,2399
Speed Sports-Online,87,01/04/2026 18:01,1,4,2026,12366,6600
Speed Sports-Online,88,03/04/2026 16:41,3,4,2026,12442,4799
Speed Sports-Online,89,06/04/2026 11:34,6,4,2026,12470,299
Speed Sports-Online,90,08/04/2026 11:57,8,4,2026,12601,199
Speed Sports-Online,91,10/04/2026 15:00,10,4,2026,12691,799
Speed Sports-Online,92,16/04/2026 13:22,16,4,2026,12906,8000
Speed Sports-Online,93,17/04/2026 16:47,17,4,2026,12948,599
Speed Sports-Online,94,20/04/2026 14:37,20,4,2026,13016,1600
Speed Sports-Online,95,22/04/2026 12:52,22,4,2026,13070,799
Speed Sports-Online,96,22/04/2026 16:32,22,4,2026,13100,599
Speed Sports-Online,97,27/04/2026 11:40,27,4,2026,13243,199
Speed Sports-Online,98,27/04/2026 15:01,27,4,2026,13255,999
Speed Sports-Online,99,29/04/2026 14:51,29,4,2026,13375,800
Speed Sports-Online,100,29/04/2026 14:51,29,4,2026,13376,900
Speed Sports-Online,101,24/04/2026,24,4,2026,13206,3750
Speed Sports-Online,102,05/05/2026 15:46,5,5,2026,13575,1600
Speed Sports-Online,103,24/04/2026,24,4,2026,13208,4000
Speed Sports-Online,104,15/05/2026 12:00,15,5,2026,13943,299
Speed Sports-Online,105,20/05/2026 12:02,20,5,2026,14101,7799
Speed Sports-Online,106,20/05/2026 12:22,20,5,2026,14102,299
Speed Sports-Online,107,22/05/2026 17:30,22,5,2026,14289,299
Speed Sports-Online,108,23/05/2026 17:23,23,5,2026,14323,1424
Speed Sports-Online,109,25/05/2026 12:19,25,5,2026,14399,1899
Speed Sports-Online,110,25/05/2026 12:20,25,5,2026,14435,1470
Speed Sports-Online,111,25/05/2026 15:36,25,5,2026,14538,114
Speed Sports-Online,112,25/05/2026 16:31,25,5,2026,14544,99
Speed Sports-Online,113,29/05/2026 17:24,29,5,2026,14651,530
Speed Sports-Online,114,29/05/2026 17:24,29,5,2026,14652,111
Speed Sports-Online,115,29/05/2026 17:25,29,5,2026,14661,305
Speed Sports-Online,116,29/05/2026 17:25,29,5,2026,14665,2010
Speed Sports-Online,117,01/06/2026 11:25,1,6,2026,14766,400
Speed Sports-Online,118,02/06/2026 22:45,2,6,2026,14989,1000
Speed Sports-Online,119,04/06/2026 11:55,4,6,2026,15192,499
Speed Sports-Online,120,09/06/2026 15:03,9,6,2026,15554,30
Speed Sports-Online,121,10/06/2026 17:38,10,6,2026,15650,1850
Speed Sports-Online,122,10/06/2026 17:38,10,6,2026,15651,2946
Speed Sports-Online,123,11/06/2026 13:27,11,6,2026,15669,298
Speed Sports-Online,124,11/06/2026 17:57,11,6,2026,15735,500
Speed Sports-Online,125,15/06/2026 13:23,15,6,2026,15806,424
Speed Sports-Online,126,15/06/2026 17:48,15,6,2026,15951,199
Speed Sports-Online,127,16/06/2026 16:51,16,6,2026,16026,2725
Speed Sports-Online,128,17/06/2026 16:33,17,6,2026,16101,3700
Speed Sports-Online,129,18/06/2026 11:37,18,6,2026,16137,900
Speed Sports-Online,130,22/06/2026 13:35,22,6,2026,16305,934
Speed Sports-Online,131,24/06/2026 15:24,24,6,2026,16538,495
Speed Sports-Online,132,24/06/2026 17:22,24,6,2026,16631,399
Speed Sports-Online,133,30/06/2026 17:11,30,6,2026,16960,16800
Speed Sports-Safa Mall,1,15/07/2025 14:19,15,7,2025,313,498
Speed Sports-Safa Mall,2,25/07/2025 19:40,25,7,2025,527,99
Speed Sports-Safa Mall,3,05/08/2025 17:06,5,8,2025,773,199
Speed Sports-Safa Mall,4,09/09/2025 12:25,9,9,2025,1543,749
Speed Sports-Safa Mall,5,11/09/2025 13:18,11,9,2025,1575,699
Speed Sports-Safa Mall,6,21/09/2025 21:47,21,9,2025,1767,999
Speed Sports-Safa Mall,7,23/09/2025 19:30,23,9,2025,1794,8199
Speed Sports-Safa Mall,8,23/09/2025 19:34,23,9,2025,1795,548
Speed Sports-Safa Mall,9,28/09/2025 21:00,28,9,2025,1879,8979
Speed Sports-Safa Mall,10,23/10/2025 18:09,23,10,2025,2165,499
Speed Sports-Safa Mall,11,27/10/2025 19:06,27,10,2025,2219,999
Speed Sports-Safa Mall,12,17/11/2025 22:43,17,11,2025,2545,168
Speed Sports-Safa Mall,13,07/12/2025 21:16,7,12,2025,2900,398
Speed Sports-Safa Mall,14,13/12/2025 17:53,13,12,2025,3029,434
Speed Sports-Safa Mall,15,16/12/2025 12:46,16,12,2025,3089,1874
Speed Sports-Safa Mall,16,16/12/2025 16:07,16,12,2025,3102,1274
Speed Sports-Safa Mall,17,20/12/2025 21:45,20,12,2025,3204,1049
Speed Sports-Safa Mall,18,26/12/2025 18:26,26,12,2025,3344,3949
Speed Sports-Safa Mall,19,05/01/2026 20:21,5,1,2026,3588,99
Speed Sports-Safa Mall,20,09/01/2026 21:31,9,1,2026,3685,889
Speed Sports-Safa Mall,21,24/02/2026 14:32,24,2,2026,4447,400
Speed Sports-Safa Mall,22,30/03/2026 20:09,30,3,2026,5006,4690
Speed Sports-Safa Mall,23,30/03/2026 20:10,30,3,2026,5007,489
Speed Sports-Safa Mall,24,14/05/2026 20:01,14,5,2026,5754,399
Speed Sports-Safa Mall,25,15/05/2026 11:43,15,5,2026,5759,1499
Speed Sports-Safa Mall,26,17/05/2026 15:36,17,5,2026,5819,599
Speed Sports-Safa Mall,27,25/05/2026 17:12,25,5,2026,6058,374
Speed Sports-Safa Mall,28,08/06/2026 15:34,8,6,2026,6424,2299
Speed Sports-Safa Mall,29,14/06/2026 19:03,14,6,2026,6634,119
Speed Sports-Safa Mall,30,18/06/2026 17:50,18,6,2026,6745,174
Speed Sports-Safa Mall,31,20/06/2026 17:37,20,6,2026,6811,10899
Speed Sports-Safa Mall,32,20/06/2026 18:23,20,6,2026,6817,374
Speed Sports-Safa Mall,33,23/06/2026 15:25,23,6,2026,6925,6974
Speed Sports-Safa Mall,34,28/06/2026 20:51,28,6,2026,7056,378
Speed Sports-The Forum,1,09/07/2025 19:15,9,7,2025,208,10499
Speed Sports-The Forum,2,11/07/2025 19:10,11,7,2025,256,1519
Speed Sports-The Forum,3,17/07/2025 14:34,17,7,2025,416,199
Speed Sports-The Forum,4,18/07/2025 15:12,18,7,2025,436,1099
Speed Sports-The Forum,5,30/07/2025 18:05,30,7,2025,715,1099
Speed Sports-The Forum,6,31/07/2025 15:57,31,7,2025,747,799
Speed Sports-The Forum,7,04/08/2025 14:11,4,8,2025,869,849
Speed Sports-The Forum,8,04/08/2025 15:17,4,8,2025,871,1399
Speed Sports-The Forum,9,05/08/2025 18:17,5,8,2025,917,974
Speed Sports-The Forum,10,07/08/2025 21:35,7,8,2025,985,1698
Speed Sports-The Forum,11,08/08/2025 18:03,8,8,2025,1001,2724
Speed Sports-The Forum,12,08/08/2025 19:07,8,8,2025,1003,449
Speed Sports-The Forum,13,08/08/2025 21:26,8,8,2025,1007,2499
Speed Sports-The Forum,14,11/08/2025 21:25,11,8,2025,1103,8499
Speed Sports-The Forum,15,16/08/2025 13:44,16,8,2025,1195,749
Speed Sports-The Forum,16,17/08/2025 14:55,17,8,2025,1232,3449
Speed Sports-The Forum,17,23/08/2025 19:39,23,8,2025,1336,1399
Speed Sports-The Forum,18,23/08/2025 19:56,23,8,2025,1337,398
Speed Sports-The Forum,19,03/09/2025 18:52,3,9,2025,1610,1000
Speed Sports-The Forum,20,05/09/2025 15:39,5,9,2025,1633,4499
Speed Sports-The Forum,21,05/09/2025 20:46,5,9,2025,1654,1949
Speed Sports-The Forum,22,07/09/2025 17:40,7,9,2025,1693,11899
Speed Sports-The Forum,23,07/09/2025 21:01,7,9,2025,1704,424
Speed Sports-The Forum,24,09/09/2025 18:46,9,9,2025,1729,749
Speed Sports-The Forum,25,09/09/2025 19:54,9,9,2025,1731,2799
Speed Sports-The Forum,26,10/09/2025 17:54,10,9,2025,1741,549
Speed Sports-The Forum,27,12/09/2025 22:00,12,9,2025,1782,199
Speed Sports-The Forum,28,13/09/2025 19:33,13,9,2025,1811,3749
Speed Sports-The Forum,29,14/09/2025 15:01,14,9,2025,1820,99
Speed Sports-The Forum,30,14/09/2025 20:17,14,9,2025,1836,1699
Speed Sports-The Forum,31,14/09/2025 20:53,14,9,2025,1838,7099
Speed Sports-The Forum,32,16/09/2025 21:01,16,9,2025,1892,3264
Speed Sports-The Forum,33,26/09/2025 17:09,26,9,2025,2110,3699
Speed Sports-The Forum,34,01/10/2025 14:05,1,10,2025,2200,449
Speed Sports-The Forum,35,02/10/2025 18:05,2,10,2025,2228,2849
Speed Sports-The Forum,36,04/10/2025 21:30,4,10,2025,2282,3099
Speed Sports-The Forum,37,06/10/2025 20:49,6,10,2025,2324,1999
Speed Sports-The Forum,38,14/10/2025 20:10,14,10,2025,2548,1539
Speed Sports-The Forum,39,25/10/2025 20:22,25,10,2025,2745,299
Speed Sports-The Forum,40,25/10/2025 21:30,25,10,2025,2750,299
Speed Sports-The Forum,41,10/11/2025 20:20,10,11,2025,3048,3224
Speed Sports-The Forum,42,13/11/2025 15:16,13,11,2025,3094,1274
Speed Sports-The Forum,43,16/11/2025 14:52,16,11,2025,3137,6934
Speed Sports-The Forum,44,26/11/2025 19:03,26,11,2025,3316,2099
Speed Sports-The Forum,45,10/12/2025 20:18,10,12,2025,3623,1698
Speed Sports-The Forum,46,11/12/2025 14:14,11,12,2025,3631,5374
Speed Sports-The Forum,47,13/12/2025 18:51,13,12,2025,3686,2104
Speed Sports-The Forum,48,26/12/2025 17:25,26,12,2025,3996,624
Speed Sports-The Forum,49,04/01/2026 14:06,4,1,2026,4183,3569
Speed Sports-The Forum,50,06/01/2026 20:03,6,1,2026,4249,389
Speed Sports-The Forum,51,10/01/2026 21:19,10,1,2026,4350,9299
Speed Sports-The Forum,52,12/01/2026 13:28,12,1,2026,4377,1499
Speed Sports-The Forum,53,20/01/2026 19:34,20,1,2026,4533,101
Speed Sports-The Forum,54,20/01/2026 21:57,20,1,2026,4542,900
Speed Sports-The Forum,55,21/01/2026 15:06,21,1,2026,4552,5249
Speed Sports-The Forum,56,06/02/2026 18:45,6,2,2026,4825,899
Speed Sports-The Forum,57,07/02/2026 15:08,7,2,2026,4836,1609
Speed Sports-The Forum,58,13/02/2026 16:48,13,2,2026,4931,299
Speed Sports-The Forum,59,04/03/2026 11:16,4,3,2026,5161,749
Speed Sports-The Forum,60,11/03/2026 21:22,11,3,2026,5278,17399
Speed Sports-The Forum,61,24/03/2026 18:27,24,3,2026,5508,399
Speed Sports-The Forum,62,03/04/2026 21:57,3,4,2026,5662,3794
Speed Sports-The Forum,63,04/04/2026 20:18,4,4,2026,5680,1599
Speed Sports-The Forum,64,06/04/2026 15:15,6,4,2026,5708,2499
Speed Sports-The Forum,65,11/04/2026 20:41,11,4,2026,5805,1424
Speed Sports-The Forum,66,18/04/2026 12:15,18,4,2026,5890,3749
Speed Sports-The Forum,67,21/04/2026 12:14,21,4,2026,5941,674
Speed Sports-The Forum,68,25/04/2026 18:00,25,4,2026,6018,599
Speed Sports-The Forum,69,08/05/2026 11:36,8,5,2026,6182,600
Speed Sports-The Forum,70,17/05/2026 18:54,17,5,2026,6391,49
Speed Sports-The Forum,71,30/05/2026 15:49,30,5,2026,6600,599
Speed Sports-The Forum,72,04/06/2026 13:15,4,6,2026,6672,1099
Speed Sports-The Forum,73,12/06/2026 16:30,12,6,2026,6816,1189
Speed Sports-The Forum,74,17/06/2026 15:50,17,6,2026,6916,674
Speed Sports-The Forum,75,24/06/2026 11:34,24,6,2026,7041,6000
Speed Sports-The Forum,76,24/06/2026 13:42,24,6,2026,7044,2804
Speed Sports-The Forum,77,24/06/2026 13:44,24,6,2026,7045,103
SPL POS-IWC Dolmen Lahore,1,25/02/2026 12:32,25,2,2026,138,1499
SPL POS-IWC SIALKOT,1,17/02/2026 16:58,17,2,2026,103,196
Tag Heuer-Emporium Mall,1,21/11/2025 17:15,21,11,2025,241,5499
