Row,BarCode,LocationCode,LocationName,Qty,MovementType,Status
2,196884190620,SS1011,"SPEED SPORTS-ONLINE",10,OPENING_BALANCE,SUCCESS
3,196884564681,SS1011,"SPEED SPORTS-ONLINE",10,OPENING_BALANCE,SUCCESS
4,196884564858,SS1011,"SPEED SPORTS-ONLINE",10,OPENING_BALANCE,SUCCESS
5,4069161770685,SS1011,"SPEED SPORTS-ONLINE",10,OPENING_BALANCE,SUCCESS
6,4066747394044,SS1011,"SPEED SPORTS-ONLINE",10,OPENING_BALANCE,SUCCESS
7,4067892581891,SS1011,"SPEED SPORTS-ONLINE",10,OPENING_BALANCE,SUCCESS
8,4067907993138,SS1011,"SPEED SPORTS-ONLINE",10,OPENING_BALANCE,SUCCESS
9,198482713027,SS1011,"SPEED SPORTS-ONLINE",10,OPENING_BALANCE,SUCCESS
10,197601203883,SS1011,"SPEED SPORTS-ONLINE",10,OPENING_BALANCE,SUCCESS
11,196604349840,SS1011,"SPEED SPORTS-ONLINE",10,OPENING_BALANCE,SUCCESS
12,198959650107,SS1011,"SPEED SPORTS-ONLINE",10,OPENING_BALANCE,SUCCESS
13,4069156960619,SS1011,"SPEED SPORTS-ONLINE",10,OPENING_BALANCE,SUCCESS
14,197777687371,SS1011,"SPEED SPORTS-ONLINE",10,OPENING_BALANCE,SUCCESS
15,4067904254836,SS1011,"SPEED SPORTS-ONLINE",10,OPENING_BALANCE,SUCCESS
16,4067905787906,SS1011,"SPEED SPORTS-ONLINE",10,OPENING_BALANCE,SUCCESS
17,196885352966,SS1011,"SPEED SPORTS-ONLINE",10,OPENING_BALANCE,SUCCESS
18,193151449863,SS1011,"SPEED SPORTS-ONLINE",10,OPENING_BALANCE,SUCCESS
19,4068811449988,SS1011,"SPEED SPORTS-ONLINE",10,OPENING_BALANCE,SUCCESS
20,4067892433756,SS1011,"SPEED SPORTS-ONLINE",10,OPENING_BALANCE,SUCCESS
21,197596936308,SS1011,"SPEED SPORTS-ONLINE",10,OPENING_BALANCE,SUCCESS
22,4070033019092,SS1011,"SPEED SPORTS-ONLINE",10,OPENING_BALANCE,SUCCESS
23,4065415640100,SS1011,"SPEED SPORTS-ONLINE",10,OPENING_BALANCE,SUCCESS
24,4065418818933,SS1011,"SPEED SPORTS-ONLINE",10,OPENING_BALANCE,SUCCESS
25,197600377660,SS1011,"SPEED SPORTS-ONLINE",10,OPENING_BALANCE,SUCCESS
26,196883777617,SS1011,"SPEED SPORTS-ONLINE",10,OPENING_BALANCE,SUCCESS
27,196883794751,SS1011,"SPEED SPORTS-ONLINE",10,OPENING_BALANCE,SUCCESS
28,196886009418,SS1011,"SPEED SPORTS-ONLINE",10,OPENING_BALANCE,SUCCESS
29,4067903749807,SS1011,"SPEED SPORTS-ONLINE",10,OPENING_BALANCE,SUCCESS
30,196884324209,SS1011,"SPEED SPORTS-ONLINE",10,OPENING_BALANCE,SUCCESS
31,4067905804542,SS1011,"SPEED SPORTS-ONLINE",10,OPENING_BALANCE,SUCCESS
32,198632832165,SS1011,"SPEED SPORTS-ONLINE",10,OPENING_BALANCE,SUCCESS
33,4069987520372,SS1011,"SPEED SPORTS-ONLINE",10,OPENING_BALANCE,SUCCESS
34,4070033272398,SS1011,"SPEED SPORTS-ONLINE",10,OPENING_BALANCE,SUCCESS
35,198634222896,SS1011,"SPEED SPORTS-ONLINE",10,OPENING_BALANCE,SUCCESS
36,196040272047,SS1011,"SPEED SPORTS-ONLINE",10,OPENING_BALANCE,SUCCESS
37,4067889617220,SS1011,"SPEED SPORTS-ONLINE",10,OPENING_BALANCE,SUCCESS
38,198482552312,SS1011,"SPEED SPORTS-ONLINE",10,OPENING_BALANCE,SUCCESS
39,198632883792,SS1011,"SPEED SPORTS-ONLINE",10,OPENING_BALANCE,SUCCESS
40,194955549148,SS1011,"SPEED SPORTS-ONLINE",10,OPENING_BALANCE,SUCCESS
41,4570158869041,SS1011,"SPEED SPORTS-ONLINE",10,OPENING_BALANCE,SUCCESS
42,197778755901,SS1011,"SPEED SPORTS-ONLINE",10,OPENING_BALANCE,SUCCESS
43,197601601702,SS1011,"SPEED SPORTS-ONLINE",10,OPENING_BALANCE,SUCCESS
44,4067984129024,SS1011,"SPEED SPORTS-ONLINE",10,OPENING_BALANCE,SUCCESS
45,197778873865,SS1011,"SPEED SPORTS-ONLINE",10,OPENING_BALANCE,SUCCESS
46,198632864678,SS1011,"SPEED SPORTS-ONLINE",10,OPENING_BALANCE,SUCCESS
47,4067903749876,SS1011,"SPEED SPORTS-ONLINE",10,OPENING_BALANCE,SUCCESS
48,4070033068113,SS1011,"SPEED SPORTS-ONLINE",10,OPENING_BALANCE,SUCCESS
49,198632715413,SS1011,"SPEED SPORTS-ONLINE",10,OPENING_BALANCE,SUCCESS
50,198482443467,SS1011,"SPEED SPORTS-ONLINE",10,OPENING_BALANCE,SUCCESS
51,887791792822,SS1011,"SPEED SPORTS-ONLINE",10,OPENING_BALANCE,SUCCESS
52,197777322005,SS1011,"SPEED SPORTS-ONLINE",10,OPENING_BALANCE,SUCCESS
53,198633017356,SS1011,"SPEED SPORTS-ONLINE",10,OPENING_BALANCE,SUCCESS
54,4064533303461,SS1011,"SPEED SPORTS-ONLINE",10,OPENING_BALANCE,SUCCESS
55,197777406828,SS1011,"SPEED SPORTS-ONLINE",10,OPENING_BALANCE,SUCCESS
56,197777453952,SS1011,"SPEED SPORTS-ONLINE",10,OPENING_BALANCE,SUCCESS
57,197777288752,SS1011,"SPEED SPORTS-ONLINE",10,OPENING_BALANCE,SUCCESS
58,197778092488,SS1011,"SPEED SPORTS-ONLINE",10,OPENING_BALANCE,SUCCESS
59,197777322067,SS1011,"SPEED SPORTS-ONLINE",10,OPENING_BALANCE,SUCCESS
60,197777310699,SS1011,"SPEED SPORTS-ONLINE",10,OPENING_BALANCE,SUCCESS
61,196039037091,SS1011,"SPEED SPORTS-ONLINE",10,OPENING_BALANCE,SUCCESS
62,4069162047618,SS1011,"SPEED SPORTS-ONLINE",10,OPENING_BALANCE,SUCCESS
63,196883162000,SS1011,"SPEED SPORTS-ONLINE",10,OPENING_BALANCE,SUCCESS
64,4550457680158,SS1011,"SPEED SPORTS-ONLINE",10,OPENING_BALANCE,SUCCESS
65,889362320021,SS1011,"SPEED SPORTS-ONLINE",10,OPENING_BALANCE,SUCCESS
