Barcode,Item ID,Description,Transfers Count,Total Qty Transferred,Sample Routes
"1006165501221","ITEM-1006165501221","STN Item (1006165501221)",5,26,"C40001 -> P10001, C40001 -> P10003, C40001 -> P10002"
"4571633328411","ITEM-4571633328411","STN Item (4571633328411)",6,6,"C40001 -> SS1002, C40001 -> SS1006, C40001 -> SS1005"
"4571633328435","ITEM-4571633328435","STN Item (4571633328435)",6,8,"C40001 -> SS1002, C40001 -> SS1006, C40001 -> SS1005"
"4571633328442","ITEM-4571633328442","STN Item (4571633328442)",6,8,"C40001 -> SS1002, C40001 -> SS1006, C40001 -> SS1005"
"4571633328466","ITEM-4571633328466","STN Item (4571633328466)",6,8,"C40001 -> SS1002, C40001 -> SS1006, C40001 -> SS1005"
"4571633328473","ITEM-4571633328473","STN Item (4571633328473)",6,6,"C40001 -> SS1002, C40001 -> SS1006, C40001 -> SS1005"
"4571633328503","ITEM-4571633328503","STN Item (4571633328503)",6,8,"C40001 -> SS1002, C40001 -> SS1006, C40001 -> SS1005"
"4571633328534","ITEM-4571633328534","STN Item (4571633328534)",6,8,"C40001 -> SS1002, C40001 -> SS1006, C40001 -> SS1005"
"4571633332265","ITEM-4571633332265","STN Item (4571633332265)",2,2,"C40001 -> SS1002, C40001 -> SS1006"
"4571633332289","ITEM-4571633332289","STN Item (4571633332289)",2,4,"C40001 -> SS1002, C40001 -> SS1006"
"4571633332296","ITEM-4571633332296","STN Item (4571633332296)",2,2,"C40001 -> SS1002, C40001 -> SS1006"
"4571633332326","ITEM-4571633332326","STN Item (4571633332326)",2,4,"C40001 -> SS1002, C40001 -> SS1006"
"4571633332333","ITEM-4571633332333","STN Item (4571633332333)",2,2,"C40001 -> SS1002, C40001 -> SS1006"
"4571633332340","ITEM-4571633332340","STN Item (4571633332340)",3,4,"SS1002 -> SS1011, C40001 -> SS1002, C40001 -> SS1006"
"4571633332364","ITEM-4571633332364","STN Item (4571633332364)",2,3,"C40001 -> SS1002, C40001 -> SS1006"
"4571633332371","ITEM-4571633332371","STN Item (4571633332371)",2,2,"C40001 -> SS1002, C40001 -> SS1006"
"4571633332388","ITEM-4571633332388","STN Item (4571633332388)",1,2,"C40001 -> SS1002"
"4571633332401","ITEM-4571633332401","STN Item (4571633332401)",2,2,"C40001 -> SS1002, C40001 -> SS1006"
"4571633332432","ITEM-4571633332432","STN Item (4571633332432)",1,1,"C40001 -> SS1002"
"4571633334146","ITEM-4571633334146","STN Item (4571633334146)",7,12,"C40001 -> SS1002, C40001 -> SS1006, C40001 -> SS1005"
"4571633334153","ITEM-4571633334153","STN Item (4571633334153)",7,10,"C40001 -> SS1002, C40001 -> SS1006, C40001 -> SS1005"
"4571633334177","ITEM-4571633334177","STN Item (4571633334177)",7,7,"C40001 -> SS1002, C40001 -> SS1006, C40001 -> SS1005"
"4571633334245","ITEM-4571633334245","STN Item (4571633334245)",7,14,"C40001 -> SS1002, C40001 -> SS1006, C40001 -> SS1005"
"4571633350566","ITEM-4571633350566","STN Item (4571633350566)",7,12,"C40001 -> SS1002, C40001 -> SS1006, C40001 -> SS1005"
"4571633350573","ITEM-4571633350573","STN Item (4571633350573)",7,16,"C40001 -> SS1002, C40001 -> SS1006, C40001 -> SS1005"
"4571633350597","ITEM-4571633350597","STN Item (4571633350597)",7,8,"C40001 -> SS1002, C40001 -> SS1006, C40001 -> SS1005"
"4571633350603","ITEM-4571633350603","STN Item (4571633350603)",7,16,"C40001 -> SS1002, C40001 -> SS1006, C40001 -> SS1005"
"4571633350689","ITEM-4571633350689","STN Item (4571633350689)",6,7,"C40001 -> SS1002, C40001 -> SS1006, C40001 -> SS1005"
"4571633350702","ITEM-4571633350702","STN Item (4571633350702)",6,6,"C40001 -> SS1002, C40001 -> SS1006, C40001 -> SS1005"
"4571633350733","ITEM-4571633350733","STN Item (4571633350733)",6,6,"C40001 -> SS1002, C40001 -> SS1006, C40001 -> SS1005"
"4571633351259","ITEM-4571633351259","STN Item (4571633351259)",7,10,"C40001 -> SS1002, C40001 -> SS1006, C40001 -> SS1005"
"4571633351266","ITEM-4571633351266","STN Item (4571633351266)",7,7,"C40001 -> SS1002, C40001 -> SS1006, C40001 -> SS1005"
"4571633351310","ITEM-4571633351310","STN Item (4571633351310)",5,5,"C40001 -> SS1002, C40001 -> SS1006, C40001 -> SS1005"
"4571633351341","ITEM-4571633351341","STN Item (4571633351341)",7,15,"C40001 -> SS1002, C40001 -> SS1006, C40001 -> SS1005"
"4571633351358","ITEM-4571633351358","STN Item (4571633351358)",7,15,"C40001 -> SS1002, C40001 -> SS1006, C40001 -> SS1005"
"4571633351372","ITEM-4571633351372","STN Item (4571633351372)",7,7,"C40001 -> SS1002, C40001 -> SS1006, C40001 -> SS1005"
"4571633364679","ITEM-4571633364679","STN Item (4571633364679)",2,2,"C40001 -> SS1002, C40001 -> SS1006"
"4571633364693","ITEM-4571633364693","STN Item (4571633364693)",2,2,"C40001 -> SS1002, C40001 -> SS1006"
"4571633364730","ITEM-4571633364730","STN Item (4571633364730)",2,4,"C40001 -> SS1002, C40001 -> SS1006"
"4571633364747","ITEM-4571633364747","STN Item (4571633364747)",2,2,"C40001 -> SS1002, C40001 -> SS1006"
"4571633364761","ITEM-4571633364761","STN Item (4571633364761)",2,2,"C40001 -> SS1002, C40001 -> SS1006"
"4571633364792","ITEM-4571633364792","STN Item (4571633364792)",1,1,"C40001 -> SS1002"
"4571633364822","ITEM-4571633364822","STN Item (4571633364822)",2,4,"C40001 -> SS1002, C40001 -> SS1006"
"4571633436802","ITEM-4571633436802","STN Item (4571633436802)",3,4,"C40001 -> SS1002, C40001 -> SS1006, C40001 -> SS1004"
"4571633436840","ITEM-4571633436840","STN Item (4571633436840)",5,8,"C40001 -> SS1002, C40001 -> SS1006, C40001 -> SS1005"
"4571633436857","ITEM-4571633436857","STN Item (4571633436857)",5,10,"C40001 -> SS1002, C40001 -> SS1006, C40001 -> SS1005"
"4571633436864","ITEM-4571633436864","STN Item (4571633436864)",3,3,"C40001 -> SS1002, C40001 -> SS1006, C40001 -> SS1004"
"4571633436871","ITEM-4571633436871","STN Item (4571633436871)",4,4,"C40001 -> SS1002, C40001 -> SS1006, C40001 -> SS1005"
"4571633436925","ITEM-4571633436925","STN Item (4571633436925)",5,15,"C40001 -> SS1002, C40001 -> SS1006, C40001 -> SS1005"
"4571633436932","ITEM-4571633436932","STN Item (4571633436932)",4,4,"C40001 -> SS1002, C40001 -> SS1006, C40001 -> SS1005"
"4571633436949","ITEM-4571633436949","STN Item (4571633436949)",5,13,"C40001 -> SS1002, C40001 -> SS1006, C40001 -> SS1005"
"4571633470318","ITEM-4571633470318","STN Item (4571633470318)",7,17,"C40001 -> SS1002, C40001 -> SS1006, C40001 -> SS1005"
"4571633470356","ITEM-4571633470356","STN Item (4571633470356)",7,7,"C40001 -> SS1002, C40001 -> SS1006, C40001 -> SS1005"
"4571633470363","ITEM-4571633470363","STN Item (4571633470363)",7,17,"C40001 -> SS1002, C40001 -> SS1006, C40001 -> SS1005"
"4571633470370","ITEM-4571633470370","STN Item (4571633470370)",7,7,"C40001 -> SS1002, C40001 -> SS1006, C40001 -> SS1005"
"4571633470387","ITEM-4571633470387","STN Item (4571633470387)",7,10,"C40001 -> SS1002, C40001 -> SS1006, C40001 -> SS1005"
"4571633470431","ITEM-4571633470431","STN Item (4571633470431)",7,7,"C40001 -> SS1002, C40001 -> SS1006, C40001 -> SS1005"
"4571633470486","ITEM-4571633470486","STN Item (4571633470486)",7,8,"C40001 -> SS1002, C40001 -> SS1006, C40001 -> SS1005"
"4571633474217","ITEM-4571633474217","STN Item (4571633474217)",6,8,"C40001 -> SS1002, C40001 -> SS1006, C40001 -> SS1005"
"4571633474231","ITEM-4571633474231","STN Item (4571633474231)",5,7,"C40001 -> SS1002, C40001 -> SS1006, C40001 -> SS1005"
"4571633474309","ITEM-4571633474309","STN Item (4571633474309)",5,10,"C40001 -> SS1002, C40001 -> SS1006, C40001 -> SS1005"
"4571633474316","ITEM-4571633474316","STN Item (4571633474316)",3,3,"C40001 -> SS1002, C40001 -> SS1006, C40001 -> SS1004"
"4571633474323","ITEM-4571633474323","STN Item (4571633474323)",5,10,"C40001 -> SS1002, C40001 -> SS1006, C40001 -> SS1005"
"4571633482465","ITEM-4571633482465","STN Item (4571633482465)",5,10,"C40001 -> SS1002, C40001 -> SS1006, C40001 -> SS1005"
"4571633482472","ITEM-4571633482472","STN Item (4571633482472)",5,5,"C40001 -> SS1002, C40001 -> SS1006, C40001 -> SS1005"
"4571633482496","ITEM-4571633482496","STN Item (4571633482496)",5,5,"C40001 -> SS1002, C40001 -> SS1006, C40001 -> SS1005"
"4571633482540","ITEM-4571633482540","STN Item (4571633482540)",5,5,"C40001 -> SS1002, C40001 -> SS1006, C40001 -> SS1005"
"4571633482564","ITEM-4571633482564","STN Item (4571633482564)",5,5,"C40001 -> SS1002, C40001 -> SS1006, C40001 -> SS1005"
"4571633482571","ITEM-4571633482571","STN Item (4571633482571)",5,8,"C40001 -> SS1002, C40001 -> SS1006, C40001 -> SS1005"
"4571633482588","ITEM-4571633482588","STN Item (4571633482588)",5,10,"C40001 -> SS1002, C40001 -> SS1006, C40001 -> SS1005"
"4571633488191","ITEM-4571633488191","STN Item (4571633488191)",5,5,"C40001 -> SS1002, C40001 -> SS1006, C40001 -> SS1005"
"4571633488214","ITEM-4571633488214","STN Item (4571633488214)",5,8,"C40001 -> SS1002, C40001 -> SS1006, C40001 -> SS1005"
"4571633488221","ITEM-4571633488221","STN Item (4571633488221)",5,5,"C40001 -> SS1002, C40001 -> SS1006, C40001 -> SS1005"
"4571633488238","ITEM-4571633488238","STN Item (4571633488238)",5,8,"C40001 -> SS1002, C40001 -> SS1006, C40001 -> SS1005"
"4571633488269","ITEM-4571633488269","STN Item (4571633488269)",5,5,"C40001 -> SS1002, C40001 -> SS1006, C40001 -> SS1005"
"4571633488283","ITEM-4571633488283","STN Item (4571633488283)",5,8,"C40001 -> SS1002, C40001 -> SS1006, C40001 -> SS1005"
"4571633488290","ITEM-4571633488290","STN Item (4571633488290)",4,4,"C40001 -> SS1002, C40001 -> SS1006, C40001 -> SS1005"
"4571633490972","ITEM-4571633490972","STN Item (4571633490972)",2,4,"C40001 -> SS1002, C40001 -> SS1006"
"4571633490989","ITEM-4571633490989","STN Item (4571633490989)",2,2,"C40001 -> SS1002, C40001 -> SS1006"
"4571633491023","ITEM-4571633491023","STN Item (4571633491023)",2,2,"C40001 -> SS1002, C40001 -> SS1006"
"4571633491078","ITEM-4571633491078","STN Item (4571633491078)",2,2,"C40001 -> SS1002, C40001 -> SS1006"
"4571633491085","ITEM-4571633491085","STN Item (4571633491085)",2,2,"C40001 -> SS1002, C40001 -> SS1006"
"4571633491092","ITEM-4571633491092","STN Item (4571633491092)",2,4,"C40001 -> SS1002, C40001 -> SS1006"
"4571633491139","ITEM-4571633491139","STN Item (4571633491139)",2,2,"C40001 -> SS1002, C40001 -> SS1006"
"4571633743535","ITEM-4571633743535","STN Item (4571633743535)",5,7,"C40001 -> SS1002, C40001 -> SS1006, C40001 -> SS1005"
"4571633743542","ITEM-4571633743542","STN Item (4571633743542)",4,4,"C40001 -> SS1002, C40001 -> SS1006, C40001 -> SS1005"
"4571633743566","ITEM-4571633743566","STN Item (4571633743566)",5,9,"C40001 -> SS1002, C40001 -> SS1006, C40001 -> SS1005"
"4571633743580","ITEM-4571633743580","STN Item (4571633743580)",5,9,"C40001 -> SS1002, C40001 -> SS1006, C40001 -> SS1005"
"4571633743627","ITEM-4571633743627","STN Item (4571633743627)",5,9,"C40001 -> SS1002, C40001 -> SS1006, C40001 -> SS1005"
"4571633743658","ITEM-4571633743658","STN Item (4571633743658)",6,6,"C40001 -> SS1002, C40001 -> SS1006, C40001 -> SS1005"
"4571633753664","ITEM-4571633753664","STN Item (4571633753664)",1,2,"C40001 -> SS1002"
"4571633753671","ITEM-4571633753671","STN Item (4571633753671)",1,1,"C40001 -> SS1002"
"4571633753688","ITEM-4571633753688","STN Item (4571633753688)",1,2,"C40001 -> SS1002"
"4571633753695","ITEM-4571633753695","STN Item (4571633753695)",1,1,"C40001 -> SS1002"
"4571633753725","ITEM-4571633753725","STN Item (4571633753725)",1,1,"C40001 -> SS1002"
"4571633753749","ITEM-4571633753749","STN Item (4571633753749)",1,1,"C40001 -> SS1002"
"4571633753763","ITEM-4571633753763","STN Item (4571633753763)",1,1,"C40001 -> SS1002"
"4571633753770","ITEM-4571633753770","STN Item (4571633753770)",2,3,"SS1002 -> SS1011, C40001 -> SS1002"
"4571633753787","ITEM-4571633753787","STN Item (4571633753787)",1,2,"C40001 -> SS1002"
"4571633753794","ITEM-4571633753794","STN Item (4571633753794)",1,1,"C40001 -> SS1002"
"4571633753817","ITEM-4571633753817","STN Item (4571633753817)",1,1,"C40001 -> SS1002"
"4571633757181","ITEM-4571633757181","STN Item (4571633757181)",7,16,"C40001 -> SS1002, C40001 -> SS1006, C40001 -> SS1005"
"4571633757198","ITEM-4571633757198","STN Item (4571633757198)",7,8,"C40001 -> SS1002, C40001 -> SS1006, C40001 -> SS1005"
"4571633757211","ITEM-4571633757211","STN Item (4571633757211)",7,12,"C40001 -> SS1002, C40001 -> SS1006, C40001 -> SS1005"
"4571633757242","ITEM-4571633757242","STN Item (4571633757242)",7,16,"C40001 -> SS1002, C40001 -> SS1006, C40001 -> SS1005"
"4571633757266","ITEM-4571633757266","STN Item (4571633757266)",7,8,"C40001 -> SS1002, C40001 -> SS1006, C40001 -> SS1005"
"4571633757297","ITEM-4571633757297","STN Item (4571633757297)",6,6,"C40001 -> SS1002, C40001 -> SS1006, C40001 -> SS1005"
"4571633757365","ITEM-4571633757365","STN Item (4571633757365)",5,5,"C40001 -> SS1002, C40001 -> SS1006, C40001 -> SS1005"
"4571633762444","ITEM-4571633762444","STN Item (4571633762444)",4,8,"C40001 -> SS1002, C40001 -> SS1006, C40001 -> SS1005"
"4571633762468","ITEM-4571633762468","STN Item (4571633762468)",4,6,"C40001 -> SS1002, C40001 -> SS1006, C40001 -> SS1005"
"4571633762475","ITEM-4571633762475","STN Item (4571633762475)",4,4,"C40001 -> SS1002, C40001 -> SS1006, C40001 -> SS1005"
"4571633762529","ITEM-4571633762529","STN Item (4571633762529)",4,4,"C40001 -> SS1002, C40001 -> SS1006, C40001 -> SS1005"
"4571633762536","ITEM-4571633762536","STN Item (4571633762536)",4,4,"C40001 -> SS1002, C40001 -> SS1006, C40001 -> SS1005"
"4571633762574","ITEM-4571633762574","STN Item (4571633762574)",4,8,"C40001 -> SS1002, C40001 -> SS1006, C40001 -> SS1005"
"4571633777462","ITEM-4571633777462","STN Item (4571633777462)",7,16,"C40001 -> SS1002, C40001 -> SS1006, C40001 -> SS1005"
"4571633777479","ITEM-4571633777479","STN Item (4571633777479)",7,12,"C40001 -> SS1002, C40001 -> SS1006, C40001 -> SS1005"
"4571633777486","ITEM-4571633777486","STN Item (4571633777486)",7,7,"C40001 -> SS1002, C40001 -> SS1006, C40001 -> SS1005"
"4571633777493","ITEM-4571633777493","STN Item (4571633777493)",7,7,"C40001 -> SS1002, C40001 -> SS1006, C40001 -> SS1005"
"4571633777516","ITEM-4571633777516","STN Item (4571633777516)",7,7,"C40001 -> SS1002, C40001 -> SS1006, C40001 -> SS1005"
"4571633777547","ITEM-4571633777547","STN Item (4571633777547)",7,7,"C40001 -> SS1002, C40001 -> SS1006, C40001 -> SS1005"
"4571633777592","ITEM-4571633777592","STN Item (4571633777592)",7,16,"C40001 -> SS1002, C40001 -> SS1006, C40001 -> SS1005"
"4571633781988","ITEM-4571633781988","STN Item (4571633781988)",2,2,"C40001 -> SS1002, C40001 -> SS1006"
"4571633781995","ITEM-4571633781995","STN Item (4571633781995)",2,4,"C40001 -> SS1002, C40001 -> SS1006"
"4571633782015","ITEM-4571633782015","STN Item (4571633782015)",2,2,"C40001 -> SS1002, C40001 -> SS1006"
"4571633782022","ITEM-4571633782022","STN Item (4571633782022)",2,4,"C40001 -> SS1002, C40001 -> SS1006"
"4571633782039","ITEM-4571633782039","STN Item (4571633782039)",2,2,"C40001 -> SS1002, C40001 -> SS1006"
"4571633782046","ITEM-4571633782046","STN Item (4571633782046)",2,4,"C40001 -> SS1002, C40001 -> SS1006"
"4571633782053","ITEM-4571633782053","STN Item (4571633782053)",2,4,"C40001 -> SS1002, C40001 -> SS1006"
"4571633782084","ITEM-4571633782084","STN Item (4571633782084)",3,3,"C40001 -> SS1002, C40001 -> SS1006, C40001 -> SS1011"
"4571633782091","ITEM-4571633782091","STN Item (4571633782091)",2,2,"C40001 -> SS1002, C40001 -> SS1006"
"4571633782107","ITEM-4571633782107","STN Item (4571633782107)",2,2,"C40001 -> SS1002, C40001 -> SS1006"
"4571633782145","ITEM-4571633782145","STN Item (4571633782145)",2,2,"C40001 -> SS1002, C40001 -> SS1006"
"4571633874468","ITEM-4571633874468","STN Item (4571633874468)",5,5,"C40001 -> SS1002, C40001 -> SS1006, C40001 -> SS1005"
"4571633874475","ITEM-4571633874475","STN Item (4571633874475)",5,10,"C40001 -> SS1002, C40001 -> SS1006, C40001 -> SS1005"
"4571633874482","ITEM-4571633874482","STN Item (4571633874482)",5,6,"C40001 -> SS1002, C40001 -> SS1006, C40001 -> SS1005"
"4571633874505","ITEM-4571633874505","STN Item (4571633874505)",5,5,"C40001 -> SS1002, C40001 -> SS1006, C40001 -> SS1005"
"4571633874529","ITEM-4571633874529","STN Item (4571633874529)",5,6,"C40001 -> SS1002, C40001 -> SS1006, C40001 -> SS1005"
"4571633874567","ITEM-4571633874567","STN Item (4571633874567)",6,14,"C40001 -> SS1002, C40001 -> SS1006, C40001 -> SS1005"
"4571633874574","ITEM-4571633874574","STN Item (4571633874574)",6,14,"C40001 -> SS1002, C40001 -> SS1006, C40001 -> SS1005"
"4571633880964","ITEM-4571633880964","STN Item (4571633880964)",7,14,"C40001 -> SS1002, C40001 -> SS1006, C40001 -> SS1005"
"4571633880971","ITEM-4571633880971","STN Item (4571633880971)",7,12,"C40001 -> SS1002, C40001 -> SS1006, C40001 -> SS1005"
"4571633881008","ITEM-4571633881008","STN Item (4571633881008)",7,7,"C40001 -> SS1002, C40001 -> SS1006, C40001 -> SS1005"
"4571633881053","ITEM-4571633881053","STN Item (4571633881053)",7,21,"C40001 -> SS1002, C40001 -> SS1006, C40001 -> SS1005"
"4571633881077","ITEM-4571633881077","STN Item (4571633881077)",7,10,"C40001 -> SS1002, C40001 -> SS1006, C40001 -> SS1005"
"4571633881114","ITEM-4571633881114","STN Item (4571633881114)",7,9,"C40001 -> SS1002, C40001 -> SS1006, C40001 -> SS1005"
"4571633881121","ITEM-4571633881121","STN Item (4571633881121)",7,21,"C40001 -> SS1002, C40001 -> SS1006, C40001 -> SS1005"
"4571633881466","ITEM-4571633881466","STN Item (4571633881466)",7,14,"C40001 -> SS1002, C40001 -> SS1006, C40001 -> SS1005"
"4571633881497","ITEM-4571633881497","STN Item (4571633881497)",7,7,"C40001 -> SS1002, C40001 -> SS1006, C40001 -> SS1005"
"4571633881534","ITEM-4571633881534","STN Item (4571633881534)",7,7,"C40001 -> SS1002, C40001 -> SS1006, C40001 -> SS1005"
"4571633881565","ITEM-4571633881565","STN Item (4571633881565)",7,21,"C40001 -> SS1002, C40001 -> SS1006, C40001 -> SS1005"
"4571633881596","ITEM-4571633881596","STN Item (4571633881596)",8,22,"C40001 -> SS1002, C40001 -> SS1006, C40001 -> SS1005"
"4571633881602","ITEM-4571633881602","STN Item (4571633881602)",7,7,"C40001 -> SS1002, C40001 -> SS1006, C40001 -> SS1005"
"4571633881626","ITEM-4571633881626","STN Item (4571633881626)",7,10,"C40001 -> SS1002, C40001 -> SS1006, C40001 -> SS1005"
"4571633882562","ITEM-4571633882562","STN Item (4571633882562)",4,4,"C40001 -> SS1002, C40001 -> SS1006, C40001 -> SS1005"
"4571633882579","ITEM-4571633882579","STN Item (4571633882579)",5,8,"C40001 -> SS1002, C40001 -> SS1006, C40001 -> SS1005"
"4571633882630","ITEM-4571633882630","STN Item (4571633882630)",5,8,"C40001 -> SS1002, C40001 -> SS1006, C40001 -> SS1005"
"4571633882654","ITEM-4571633882654","STN Item (4571633882654)",5,5,"C40001 -> SS1002, C40001 -> SS1006, C40001 -> SS1005"
"4571633882678","ITEM-4571633882678","STN Item (4571633882678)",4,4,"C40001 -> SS1002, C40001 -> SS1006, C40001 -> SS1005"
"4571633882685","ITEM-4571633882685","STN Item (4571633882685)",5,8,"C40001 -> SS1002, C40001 -> SS1006, C40001 -> SS1005"
"4571633900747","ITEM-4571633900747","STN Item (4571633900747)",1,1,"C40001 -> SS1002"
"4571633900754","ITEM-4571633900754","STN Item (4571633900754)",2,2,"C40001 -> SS1002, C40001 -> SS1006"
"4571633900761","ITEM-4571633900761","STN Item (4571633900761)",2,2,"C40001 -> SS1002, C40001 -> SS1006"
"4571633900808","ITEM-4571633900808","STN Item (4571633900808)",2,2,"C40001 -> SS1002, C40001 -> SS1006"
"4571633900815","ITEM-4571633900815","STN Item (4571633900815)",1,1,"C40001 -> SS1002"
"4571633900822","ITEM-4571633900822","STN Item (4571633900822)",1,1,"C40001 -> SS1002"
"4571633900839","ITEM-4571633900839","STN Item (4571633900839)",2,2,"C40001 -> SS1002, C40001 -> SS1006"
"4571633900860","ITEM-4571633900860","STN Item (4571633900860)",2,3,"C40001 -> SS1002, C40001 -> SS1006"
"4571633900877","ITEM-4571633900877","STN Item (4571633900877)",2,3,"C40001 -> SS1002, C40001 -> SS1006"
"4571633900884","ITEM-4571633900884","STN Item (4571633900884)",2,2,"C40001 -> SS1002, C40001 -> SS1006"
"4571633914157","ITEM-4571633914157","STN Item (4571633914157)",4,4,"C40001 -> SS1002, C40001 -> SS1006, C40001 -> SS1004"
"4571633914164","ITEM-4571633914164","STN Item (4571633914164)",3,3,"C40001 -> SS1002, C40001 -> SS1006, C40001 -> SS1004"
"4571633914171","ITEM-4571633914171","STN Item (4571633914171)",6,7,"C40001 -> SS1002, C40001 -> SS1006, C40001 -> SS1005"
"4571633914195","ITEM-4571633914195","STN Item (4571633914195)",6,16,"C40001 -> SS1002, C40001 -> SS1006, C40001 -> SS1005"
"4571633914201","ITEM-4571633914201","STN Item (4571633914201)",6,16,"C40001 -> SS1002, C40001 -> SS1006, C40001 -> SS1005"
"4571633914225","ITEM-4571633914225","STN Item (4571633914225)",6,8,"C40001 -> SS1002, C40001 -> SS1006, C40001 -> SS1005"
"4571633914256","ITEM-4571633914256","STN Item (4571633914256)",6,8,"C40001 -> SS1002, C40001 -> SS1006, C40001 -> SS1005"
"4571633914263","ITEM-4571633914263","STN Item (4571633914263)",6,11,"C40001 -> SS1002, C40001 -> SS1006, C40001 -> SS1005"
"4571633915185","ITEM-4571633915185","STN Item (4571633915185)",7,13,"C40001 -> SS1002, C40001 -> SS1006, C40001 -> SS1005"
"4571633915192","ITEM-4571633915192","STN Item (4571633915192)",8,22,"C40001 -> SS1002, C40001 -> SS1006, C40001 -> SS1005"
"4571633915208","ITEM-4571633915208","STN Item (4571633915208)",7,14,"C40001 -> SS1002, C40001 -> SS1006, C40001 -> SS1005"
"4571633915222","ITEM-4571633915222","STN Item (4571633915222)",7,7,"C40001 -> SS1002, C40001 -> SS1006, C40001 -> SS1005"
"4571633915277","ITEM-4571633915277","STN Item (4571633915277)",7,21,"C40001 -> SS1002, C40001 -> SS1006, C40001 -> SS1005"
"4571633915284","ITEM-4571633915284","STN Item (4571633915284)",7,10,"C40001 -> SS1002, C40001 -> SS1006, C40001 -> SS1005"
"4571633915314","ITEM-4571633915314","STN Item (4571633915314)",7,10,"C40001 -> SS1002, C40001 -> SS1006, C40001 -> SS1005"
"4571633936852","ITEM-4571633936852","STN Item (4571633936852)",7,14,"C40001 -> SS1002, C40001 -> SS1006, C40001 -> SS1005"
"4571633936890","ITEM-4571633936890","STN Item (4571633936890)",8,11,"C40001 -> SS1002, C40001 -> SS1006, C40001 -> SS1005"
"4571633936906","ITEM-4571633936906","STN Item (4571633936906)",7,10,"C40001 -> SS1002, C40001 -> SS1006, C40001 -> SS1005"
"4571633936937","ITEM-4571633936937","STN Item (4571633936937)",7,21,"C40001 -> SS1002, C40001 -> SS1006, C40001 -> SS1005"
"4571633936968","ITEM-4571633936968","STN Item (4571633936968)",7,7,"C40001 -> SS1002, C40001 -> SS1006, C40001 -> SS1005"
"4571633936975","ITEM-4571633936975","STN Item (4571633936975)",7,21,"C40001 -> SS1002, C40001 -> SS1006, C40001 -> SS1005"
"4571633936982","ITEM-4571633936982","STN Item (4571633936982)",7,14,"C40001 -> SS1002, C40001 -> SS1006, C40001 -> SS1005"
"4571633952852","ITEM-4571633952852","STN Item (4571633952852)",6,10,"C40001 -> SS1002, C40001 -> SS1006, C40001 -> SS1005"
"4571633952869","ITEM-4571633952869","STN Item (4571633952869)",7,7,"C40001 -> SS1002, C40001 -> SS1006, C40001 -> SS1005"
"4571633952890","ITEM-4571633952890","STN Item (4571633952890)",6,11,"C40001 -> SS1002, C40001 -> SS1006, C40001 -> SS1005"
"4571633952913","ITEM-4571633952913","STN Item (4571633952913)",6,6,"C40001 -> SS1002, C40001 -> SS1006, C40001 -> SS1005"
"4571633952920","ITEM-4571633952920","STN Item (4571633952920)",6,6,"C40001 -> SS1002, C40001 -> SS1006, C40001 -> SS1005"
"4571633952982","ITEM-4571633952982","STN Item (4571633952982)",6,6,"C40001 -> SS1002, C40001 -> SS1006, C40001 -> SS1005"
"4571633953002","ITEM-4571633953002","STN Item (4571633953002)",6,11,"C40001 -> SS1002, C40001 -> SS1006, C40001 -> SS1005"
"BBC3505","ITEM-BBC3505","STN Item (BBC3505)",1,1,"C40001 -> W10001"
"BBF8909","ITEM-BBF8909","STN Item (BBF8909)",1,1,"C40001 -> W10001"
"BBF8910","ITEM-BBF8910","STN Item (BBF8910)",1,1,"C40001 -> W10004"
"BBL4333","ITEM-BBL4333","STN Item (BBL4333)",1,1,"C40001 -> W10001"
"BBL4802","ITEM-BBL4802","STN Item (BBL4802)",1,1,"C40001 -> W10001"
"BBL4803","ITEM-BBL4803","STN Item (BBL4803)",1,1,"C40001 -> W10002"
"BBL4804","ITEM-BBL4804","STN Item (BBL4804)",1,1,"C40001 -> W10009"
"BBL7213","ITEM-BBL7213","STN Item (BBL7213)",1,1,"C40001 -> W10001"
"BBL7222","ITEM-BBL7222","STN Item (BBL7222)",1,1,"C40001 -> W10004"
"BBN0269","ITEM-BBN0269","STN Item (BBN0269)",1,1,"C40001 -> W10001"
"BBN5851","ITEM-BBN5851","STN Item (BBN5851)",1,1,"C40001 -> W10005"
"BBN7916","ITEM-BBN7916","STN Item (BBN7916)",1,1,"C40001 -> W10003"
"BBN7917","ITEM-BBN7917","STN Item (BBN7917)",1,1,"C40001 -> W10009"
"BBN9287","ITEM-BBN9287","STN Item (BBN9287)",1,1,"C40001 -> W10002"
"BBN9288","ITEM-BBN9288","STN Item (BBN9288)",1,1,"C40001 -> W10004"
"BBN9295","ITEM-BBN9295","STN Item (BBN9295)",1,1,"C40001 -> W10009"
"BBV4352","ITEM-BBV4352","STN Item (BBV4352)",1,1,"C40001 -> W10003"
"BBV5350","ITEM-BBV5350","STN Item (BBV5350)",1,1,"C40001 -> W10001"
"BBZ4167","ITEM-BBZ4167","STN Item (BBZ4167)",1,1,"C40001 -> W10004"
"BKE2241","ITEM-BKE2241","STN Item (BKE2241)",1,1,"C40001 -> W10001"
"BKE2242","ITEM-BKE2242","STN Item (BKE2242)",1,1,"C40001 -> W10004"
"BKE2243","ITEM-BKE2243","STN Item (BKE2243)",1,1,"C40001 -> W10009"
"BKE8312","ITEM-BKE8312","STN Item (BKE8312)",1,1,"C40001 -> W10001"
"BKE8313","ITEM-BKE8313","STN Item (BKE8313)",1,1,"C40001 -> W10004"
"BKE8314","ITEM-BKE8314","STN Item (BKE8314)",1,1,"C40001 -> W10003"
"BKE8943","ITEM-BKE8943","STN Item (BKE8943)",1,1,"C40001 -> W10001"
"BKE8944","ITEM-BKE8944","STN Item (BKE8944)",1,1,"C40001 -> W10004"
"BKE8945","ITEM-BKE8945","STN Item (BKE8945)",1,1,"C40001 -> W10003"
"BKE9480","ITEM-BKE9480","STN Item (BKE9480)",1,1,"C40001 -> W10001"
"BKR8619","ITEM-BKR8619","STN Item (BKR8619)",1,1,"C40001 -> W10009"
"BKW0179","ITEM-BKW0179","STN Item (BKW0179)",1,1,"C40001 -> W10001"
"BKW0180","ITEM-BKW0180","STN Item (BKW0180)",1,1,"C40001 -> W10004"
"BKW0181","ITEM-BKW0181","STN Item (BKW0181)",1,1,"C40001 -> W10002"
"GEB0096","ITEM-GEB0096","STN Item (GEB0096)",1,1,"C40001 -> W10001"
"GEB0104","ITEM-GEB0104","STN Item (GEB0104)",1,1,"C40001 -> W10004"
"GEW5523","ITEM-GEW5523","STN Item (GEW5523)",1,1,"C40001 -> W10001"
"HG0373","ITEM-HG0373","STN Item (HG0373)",1,1,"C40001 -> C30001"
"USPA1000B-02-6","ITEM-USPA1000B-02-6","STN Item (USPA1000B-02-6)",1,1,"C40001 -> C30001"
"USPA1000B-05-08","ITEM-USPA1000B-05-08","STN Item (USPA1000B-05-08)",1,1,"C40001 -> C30001"
"USPA1026-03-06","ITEM-USPA1026-03-06","STN Item (USPA1026-03-06)",1,1,"C40001 -> C30001"
"USPA1026-05-08","ITEM-USPA1026-05-08","STN Item (USPA1026-05-08)",1,2,"C40001 -> C30001"
"USPA1026-12-08","ITEM-USPA1026-12-08","STN Item (USPA1026-12-08)",1,2,"C40001 -> C30001"
"USPA1030-01-08","ITEM-USPA1030-01-08","STN Item (USPA1030-01-08)",1,2,"C40001 -> C30001"
"USPA1034-01-06","ITEM-USPA1034-01-06","STN Item (USPA1034-01-06)",1,1,"C40001 -> C30001"
"USPA1034-01-08","ITEM-USPA1034-01-08","STN Item (USPA1034-01-08)",1,1,"C40001 -> C30001"
"USPA1054B-03-08","ITEM-USPA1054B-03-08","STN Item (USPA1054B-03-08)",1,1,"C40001 -> C30001"
"USPA1055-01-08","ITEM-USPA1055-01-08","STN Item (USPA1055-01-08)",1,1,"C40001 -> C30001"
"USPA1072-03-06","ITEM-USPA1072-03-06","STN Item (USPA1072-03-06)",1,1,"C40001 -> C30001"
"USPA1072-04-08","ITEM-USPA1072-04-08","STN Item (USPA1072-04-08)",1,1,"C40001 -> C30001"
"USPA1087-02-08","ITEM-USPA1087-02-08","STN Item (USPA1087-02-08)",1,1,"C40001 -> C30001"
"USPA1104-01","ITEM-USPA1104-01","STN Item (USPA1104-01)",5,5,"C40001 -> W10005, C40001 -> W10002, C40001 -> W10008"
"USPA1104-03","ITEM-USPA1104-03","STN Item (USPA1104-03)",5,5,"C40001 -> W10005, C40001 -> W10002, C40001 -> W10008"
"USPA1120-03-08","ITEM-USPA1120-03-08","STN Item (USPA1120-03-08)",1,1,"C40001 -> C30001"
"USPA1122-02","ITEM-USPA1122-02","STN Item (USPA1122-02)",3,3,"C40001 -> W10005, C40001 -> W10002, C40001 -> W10006"
"USPA1122-06","ITEM-USPA1122-06","STN Item (USPA1122-06)",3,3,"C40001 -> W10005, C40001 -> W10002, C40001 -> W10006"
"USPA1133-01","ITEM-USPA1133-01","STN Item (USPA1133-01)",10,10,"C40001 -> W10003, C40001 -> W10005, C40001 -> W10002"
"USPA1133-02","ITEM-USPA1133-02","STN Item (USPA1133-02)",5,5,"C40001 -> W10005, C40001 -> W10002, C40001 -> W10008"
"USPA1133-03","ITEM-USPA1133-03","STN Item (USPA1133-03)",10,10,"C40001 -> W10003, C40001 -> W10005, C40001 -> W10002"
"USPA1133-04","ITEM-USPA1133-04","STN Item (USPA1133-04)",5,5,"C40001 -> W10005, C40001 -> W10002, C40001 -> W10008"
"USPA1134-04","ITEM-USPA1134-04","STN Item (USPA1134-04)",5,5,"C40001 -> W10005, C40001 -> W10002, C40001 -> W10008"
"USPA1134-05","ITEM-USPA1134-05","STN Item (USPA1134-05)",5,5,"C40001 -> W10005, C40001 -> W10002, C40001 -> W10008"
"USPA1140-02","ITEM-USPA1140-02","STN Item (USPA1140-02)",10,10,"C40001 -> W10003, C40001 -> W10005, C40001 -> W10002"
"USPA1140-03","ITEM-USPA1140-03","STN Item (USPA1140-03)",10,10,"C40001 -> W10003, C40001 -> W10005, C40001 -> W10002"
"USPA1140-04","ITEM-USPA1140-04","STN Item (USPA1140-04)",10,10,"C40001 -> W10003, C40001 -> W10005, C40001 -> W10002"
"USPA1141-01","ITEM-USPA1141-01","STN Item (USPA1141-01)",5,5,"C40001 -> W10005, C40001 -> W10002, C40001 -> W10008"
"USPA1142-01","ITEM-USPA1142-01","STN Item (USPA1142-01)",10,10,"C40001 -> W10003, C40001 -> W10005, C40001 -> W10002"
"USPA1142-02","ITEM-USPA1142-02","STN Item (USPA1142-02)",10,10,"C40001 -> W10003, C40001 -> W10005, C40001 -> W10002"
"USPA1142-03","ITEM-USPA1142-03","STN Item (USPA1142-03)",10,10,"C40001 -> W10003, C40001 -> W10005, C40001 -> W10002"
"USPA1142-04","ITEM-USPA1142-04","STN Item (USPA1142-04)",5,5,"C40001 -> W10005, C40001 -> W10002, C40001 -> W10008"
"USPA1144-01","ITEM-USPA1144-01","STN Item (USPA1144-01)",10,10,"C40001 -> W10003, C40001 -> W10005, C40001 -> W10002"
"USPA1144-02","ITEM-USPA1144-02","STN Item (USPA1144-02)",10,10,"C40001 -> W10003, C40001 -> W10005, C40001 -> W10002"
"USPA1144-04","ITEM-USPA1144-04","STN Item (USPA1144-04)",10,10,"C40001 -> W10003, C40001 -> W10005, C40001 -> W10002"
"USPA1145-01","ITEM-USPA1145-01","STN Item (USPA1145-01)",5,5,"C40001 -> W10005, C40001 -> W10002, C40001 -> W10008"
"USPA1146-01","ITEM-USPA1146-01","STN Item (USPA1146-01)",10,10,"C40001 -> W10003, C40001 -> W10005, C40001 -> W10002"
"USPA1146-02","ITEM-USPA1146-02","STN Item (USPA1146-02)",10,10,"C40001 -> W10003, C40001 -> W10005, C40001 -> W10002"
"USPA1146-03","ITEM-USPA1146-03","STN Item (USPA1146-03)",5,5,"C40001 -> W10005, C40001 -> W10002, C40001 -> W10008"
"USPA1146-04","ITEM-USPA1146-04","STN Item (USPA1146-04)",5,5,"C40001 -> W10005, C40001 -> W10002, C40001 -> W10008"
"USPA1148-01","ITEM-USPA1148-01","STN Item (USPA1148-01)",5,5,"C40001 -> W10005, C40001 -> W10002, C40001 -> W10008"
"USPA1148-03","ITEM-USPA1148-03","STN Item (USPA1148-03)",10,10,"C40001 -> W10003, C40001 -> W10005, C40001 -> W10002"
"USPA1148-04","ITEM-USPA1148-04","STN Item (USPA1148-04)",5,5,"C40001 -> W10005, C40001 -> W10002, C40001 -> W10008"
"USPA1149-01","ITEM-USPA1149-01","STN Item (USPA1149-01)",5,5,"C40001 -> W10005, C40001 -> W10002, C40001 -> W10008"
"USPA1149-02","ITEM-USPA1149-02","STN Item (USPA1149-02)",5,5,"C40001 -> W10005, C40001 -> W10002, C40001 -> W10008"
"USPA1149-03","ITEM-USPA1149-03","STN Item (USPA1149-03)",5,5,"C40001 -> W10005, C40001 -> W10002, C40001 -> W10008"
"USPA1149-04","ITEM-USPA1149-04","STN Item (USPA1149-04)",5,5,"C40001 -> W10005, C40001 -> W10002, C40001 -> W10008"
"USPA2088-05","ITEM-USPA2088-05","STN Item (USPA2088-05)",5,5,"C40001 -> W10003, C40001 -> W10005, C40001 -> W10002"
"USPA2124-04","ITEM-USPA2124-04","STN Item (USPA2124-04)",5,5,"C40001 -> W10005, C40001 -> W10002, C40001 -> W10008"
"USPA2131-04","ITEM-USPA2131-04","STN Item (USPA2131-04)",5,5,"C40001 -> W10003, C40001 -> W10005, C40001 -> W10002"
"USPA2132-02","ITEM-USPA2132-02","STN Item (USPA2132-02)",5,5,"C40001 -> W10003, C40001 -> W10005, C40001 -> W10002"
"USPA2132-03","ITEM-USPA2132-03","STN Item (USPA2132-03)",5,5,"C40001 -> W10003, C40001 -> W10005, C40001 -> W10002"
"USPA2133-01","ITEM-USPA2133-01","STN Item (USPA2133-01)",5,5,"C40001 -> W10005, C40001 -> W10002, C40001 -> W10008"
"USPA2133-02","ITEM-USPA2133-02","STN Item (USPA2133-02)",5,5,"C40001 -> W10005, C40001 -> W10002, C40001 -> W10008"
"USPA2133-04","ITEM-USPA2133-04","STN Item (USPA2133-04)",10,10,"C40001 -> W10003, C40001 -> W10005, C40001 -> W10002"
"USPA2133-05","ITEM-USPA2133-05","STN Item (USPA2133-05)",5,5,"C40001 -> W10005, C40001 -> W10002, C40001 -> W10008"
"USPA2140-01","ITEM-USPA2140-01","STN Item (USPA2140-01)",10,10,"C40001 -> W10003, C40001 -> W10005, C40001 -> W10002"
"USPA2140-03","ITEM-USPA2140-03","STN Item (USPA2140-03)",10,10,"C40001 -> W10003, C40001 -> W10005, C40001 -> W10002"
"USPA2140-05","ITEM-USPA2140-05","STN Item (USPA2140-05)",10,10,"C40001 -> W10003, C40001 -> W10005, C40001 -> W10002"
"USPA2140-06","ITEM-USPA2140-06","STN Item (USPA2140-06)",10,10,"C40001 -> W10003, C40001 -> W10005, C40001 -> W10002"
"USPA2140-07","ITEM-USPA2140-07","STN Item (USPA2140-07)",10,10,"C40001 -> W10003, C40001 -> W10005, C40001 -> W10002"
"USPA2141-01","ITEM-USPA2141-01","STN Item (USPA2141-01)",2,2,"C40001 -> W10005, C40001 -> W10002"
"USPA2141-05","ITEM-USPA2141-05","STN Item (USPA2141-05)",7,7,"C40001 -> W10003, C40001 -> W10005, C40001 -> W10002"
"USPA2141-06","ITEM-USPA2141-06","STN Item (USPA2141-06)",10,10,"C40001 -> W10003, C40001 -> W10005, C40001 -> W10002"
"USPA2142-02","ITEM-USPA2142-02","STN Item (USPA2142-02)",5,5,"C40001 -> W10003, C40001 -> W10005, C40001 -> W10002"
"USPA2143-01","ITEM-USPA2143-01","STN Item (USPA2143-01)",10,10,"C40001 -> W10003, C40001 -> W10005, C40001 -> W10002"
"USPA2143-02","ITEM-USPA2143-02","STN Item (USPA2143-02)",10,10,"C40001 -> W10003, C40001 -> W10005, C40001 -> W10002"
"USPA2147-03","ITEM-USPA2147-03","STN Item (USPA2147-03)",10,10,"C40001 -> W10003, C40001 -> W10005, C40001 -> W10002"
"USPA2151-01","ITEM-USPA2151-01","STN Item (USPA2151-01)",10,10,"C40001 -> W10003, C40001 -> W10005, C40001 -> W10002"
"USPA2151-02","ITEM-USPA2151-02","STN Item (USPA2151-02)",10,10,"C40001 -> W10003, C40001 -> W10005, C40001 -> W10002"
"USPA2151-03","ITEM-USPA2151-03","STN Item (USPA2151-03)",10,10,"C40001 -> W10003, C40001 -> W10005, C40001 -> W10002"
"USPA2152-01","ITEM-USPA2152-01","STN Item (USPA2152-01)",5,5,"C40001 -> W10003, C40001 -> W10005, C40001 -> W10002"
"USPA2152-02","ITEM-USPA2152-02","STN Item (USPA2152-02)",5,5,"C40001 -> W10003, C40001 -> W10005, C40001 -> W10002"
"USPA2153-01","ITEM-USPA2153-01","STN Item (USPA2153-01)",5,5,"C40001 -> W10005, C40001 -> W10002, C40001 -> W10008"
"USPA2153-03","ITEM-USPA2153-03","STN Item (USPA2153-03)",5,5,"C40001 -> W10003, C40001 -> W10005, C40001 -> W10002"
"USPA2153-04","ITEM-USPA2153-04","STN Item (USPA2153-04)",5,5,"C40001 -> W10003, C40001 -> W10005, C40001 -> W10002"
"USPA2154-01","ITEM-USPA2154-01","STN Item (USPA2154-01)",5,5,"C40001 -> W10005, C40001 -> W10002, C40001 -> W10008"
"USPA2154-02","ITEM-USPA2154-02","STN Item (USPA2154-02)",5,5,"C40001 -> W10005, C40001 -> W10002, C40001 -> W10008"
"USPA2154-04","ITEM-USPA2154-04","STN Item (USPA2154-04)",5,5,"C40001 -> W10003, C40001 -> W10005, C40001 -> W10002"
"USPA2155-01","ITEM-USPA2155-01","STN Item (USPA2155-01)",5,5,"C40001 -> W10005, C40001 -> W10002, C40001 -> W10008"
"USPA2155-02","ITEM-USPA2155-02","STN Item (USPA2155-02)",5,5,"C40001 -> W10005, C40001 -> W10002, C40001 -> W10008"
"USPA2155-03","ITEM-USPA2155-03","STN Item (USPA2155-03)",5,5,"C40001 -> W10003, C40001 -> W10005, C40001 -> W10002"
"USPA2159-02","ITEM-USPA2159-02","STN Item (USPA2159-02)",5,5,"C40001 -> W10005, C40001 -> W10002, C40001 -> W10008"
"USPA2159-04","ITEM-USPA2159-04","STN Item (USPA2159-04)",10,10,"C40001 -> W10003, C40001 -> W10005, C40001 -> W10002"
"USPA2159-05","ITEM-USPA2159-05","STN Item (USPA2159-05)",5,5,"C40001 -> W10005, C40001 -> W10002, C40001 -> W10008"
"WDT3998","ITEM-WDT3998","STN Item (WDT3998)",1,1,"C40001 -> W10008"
"WDT3999","ITEM-WDT3999","STN Item (WDT3999)",1,1,"C40001 -> W10004"
"WDT4053","ITEM-WDT4053","STN Item (WDT4053)",1,1,"C40001 -> W10002"
"WDT4055","ITEM-WDT4055","STN Item (WDT4055)",1,1,"C40001 -> W10003"
"WDT4057","ITEM-WDT4057","STN Item (WDT4057)",1,1,"C40001 -> W10009"